n,seed,final_overlap,alpha,success_rate
256,0,0.945312,0.1300,0.9600
256,1,0.992188,0.1300,0.9600
256,2,1.000000,0.1300,0.9600
256,3,1.000000,0.1300,0.9600
256,4,0.992188,0.1300,0.9600
256,5,0.984375,0.1300,0.9600
256,6,1.000000,0.1300,0.9600
256,7,1.000000,0.1300,0.9600
256,8,1.000000,0.1300,0.9600
256,9,1.000000,0.1300,0.9600
256,10,1.000000,0.1300,0.9600
256,11,1.000000,0.1300,0.9600
256,12,1.000000,0.1300,0.9600
256,13,0.960938,0.1300,0.9600
256,14,0.976562,0.1300,0.9600
256,15,0.992188,0.1300,0.9600
256,16,1.000000,0.1300,0.9600
256,17,1.000000,0.1300,0.9600
256,18,0.992188,0.1300,0.9600
256,19,0.968750,0.1300,0.9600
256,20,1.000000,0.1300,0.9600
256,21,1.000000,0.1300,0.9600
256,22,1.000000,0.1300,0.9600
256,23,1.000000,0.1300,0.9600
256,24,1.000000,0.1300,0.9600
256,25,1.000000,0.1300,0.9600
256,26,0.984375,0.1300,0.9600
256,27,0.960938,0.1300,0.9600
256,28,1.000000,0.1300,0.9600
256,29,0.968750,0.1300,0.9600
256,30,0.968750,0.1300,0.9600
256,31,1.000000,0.1300,0.9600
256,32,0.960938,0.1300,0.9600
256,33,0.960938,0.1300,0.9600
256,34,1.000000,0.1300,0.9600
256,35,0.945312,0.1300,0.9600
256,36,1.000000,0.1300,0.9600
256,37,0.960938,0.1300,0.9600
256,38,1.000000,0.1300,0.9600
256,39,0.984375,0.1300,0.9600
256,40,1.000000,0.1300,0.9600
256,41,0.984375,0.1300,0.9600
256,42,0.976562,0.1300,0.9600
256,43,0.960938,0.1300,0.9600
256,44,0.992188,0.1300,0.9600
256,45,1.000000,0.1300,0.9600
256,46,1.000000,0.1300,0.9600
256,47,0.992188,0.1300,0.9600
256,48,1.000000,0.1300,0.9600
256,49,0.984375,0.1300,0.9600
256,0,0.953125,0.1325,0.9600
256,1,0.992188,0.1325,0.9600
256,2,0.984375,0.1325,0.9600
256,3,1.000000,0.1325,0.9600
256,4,0.992188,0.1325,0.9600
256,5,0.984375,0.1325,0.9600
256,6,1.000000,0.1325,0.9600
256,7,1.000000,0.1325,0.9600
256,8,1.000000,0.1325,0.9600
256,9,0.992188,0.1325,0.9600
256,10,0.968750,0.1325,0.9600
256,11,1.000000,0.1325,0.9600
256,12,1.000000,0.1325,0.9600
256,13,0.960938,0.1325,0.9600
256,14,0.976562,0.1325,0.9600
256,15,0.992188,0.1325,0.9600
256,16,0.992188,0.1325,0.9600
256,17,1.000000,0.1325,0.9600
256,18,0.992188,0.1325,0.9600
256,19,0.976562,0.1325,0.9600
256,20,1.000000,0.1325,0.9600
256,21,1.000000,0.1325,0.9600
256,22,1.000000,0.1325,0.9600
256,23,1.000000,0.1325,0.9600
256,24,1.000000,0.1325,0.9600
256,25,1.000000,0.1325,0.9600
256,26,1.000000,0.1325,0.9600
256,27,0.960938,0.1325,0.9600
256,28,1.000000,0.1325,0.9600
256,29,0.976562,0.1325,0.9600
256,30,0.992188,0.1325,0.9600
256,31,1.000000,0.1325,0.9600
256,32,0.960938,0.1325,0.9600
256,33,0.960938,0.1325,0.9600
256,34,0.992188,0.1325,0.9600
256,35,0.937500,0.1325,0.9600
256,36,1.000000,0.1325,0.9600
256,37,0.953125,0.1325,0.9600
256,38,1.000000,0.1325,0.9600
256,39,0.976562,0.1325,0.9600
256,40,0.992188,0.1325,0.9600
256,41,0.992188,0.1325,0.9600
256,42,0.976562,0.1325,0.9600
256,43,0.968750,0.1325,0.9600
256,44,0.992188,0.1325,0.9600
256,45,1.000000,0.1325,0.9600
256,46,1.000000,0.1325,0.9600
256,47,0.992188,0.1325,0.9600
256,48,0.929688,0.1325,0.9600
256,49,0.984375,0.1325,0.9600
256,0,0.953125,0.1350,0.9400
256,1,0.992188,0.1350,0.9400
256,2,1.000000,0.1350,0.9400
256,3,1.000000,0.1350,0.9400
256,4,0.992188,0.1350,0.9400
256,5,0.984375,0.1350,0.9400
256,6,1.000000,0.1350,0.9400
256,7,1.000000,0.1350,0.9400
256,8,1.000000,0.1350,0.9400
256,9,0.992188,0.1350,0.9400
256,10,0.968750,0.1350,0.9400
256,11,0.992188,0.1350,0.9400
256,12,0.992188,0.1350,0.9400
256,13,0.960938,0.1350,0.9400
256,14,0.976562,0.1350,0.9400
256,15,1.000000,0.1350,0.9400
256,16,0.992188,0.1350,0.9400
256,17,1.000000,0.1350,0.9400
256,18,0.984375,0.1350,0.9400
256,19,0.976562,0.1350,0.9400
256,20,1.000000,0.1350,0.9400
256,21,1.000000,0.1350,0.9400
256,22,1.000000,0.1350,0.9400
256,23,1.000000,0.1350,0.9400
256,24,1.000000,0.1350,0.9400
256,25,1.000000,0.1350,0.9400
256,26,0.976562,0.1350,0.9400
256,27,0.960938,0.1350,0.9400
256,28,0.992188,0.1350,0.9400
256,29,0.953125,0.1350,0.9400
256,30,1.000000,0.1350,0.9400
256,31,1.000000,0.1350,0.9400
256,32,0.960938,0.1350,0.9400
256,33,0.960938,0.1350,0.9400
256,34,0.992188,0.1350,0.9400
256,35,0.929688,0.1350,0.9400
256,36,0.992188,0.1350,0.9400
256,37,0.921875,0.1350,0.9400
256,38,1.000000,0.1350,0.9400
256,39,0.992188,0.1350,0.9400
256,40,0.984375,0.1350,0.9400
256,41,0.984375,0.1350,0.9400
256,42,0.976562,0.1350,0.9400
256,43,0.960938,0.1350,0.9400
256,44,0.992188,0.1350,0.9400
256,45,1.000000,0.1350,0.9400
256,46,1.000000,0.1350,0.9400
256,47,0.992188,0.1350,0.9400
256,48,0.914062,0.1350,0.9400
256,49,0.984375,0.1350,0.9400
256,0,0.953125,0.1375,0.9400
256,1,0.992188,0.1375,0.9400
256,2,1.000000,0.1375,0.9400
256,3,1.000000,0.1375,0.9400
256,4,0.992188,0.1375,0.9400
256,5,0.984375,0.1375,0.9400
256,6,1.000000,0.1375,0.9400
256,7,1.000000,0.1375,0.9400
256,8,1.000000,0.1375,0.9400
256,9,0.992188,0.1375,0.9400
256,10,0.968750,0.1375,0.9400
256,11,0.992188,0.1375,0.9400
256,12,0.992188,0.1375,0.9400
256,13,0.960938,0.1375,0.9400
256,14,0.976562,0.1375,0.9400
256,15,1.000000,0.1375,0.9400
256,16,0.992188,0.1375,0.9400
256,17,1.000000,0.1375,0.9400
256,18,0.984375,0.1375,0.9400
256,19,0.976562,0.1375,0.9400
256,20,1.000000,0.1375,0.9400
256,21,1.000000,0.1375,0.9400
256,22,1.000000,0.1375,0.9400
256,23,1.000000,0.1375,0.9400
256,24,1.000000,0.1375,0.9400
256,25,1.000000,0.1375,0.9400
256,26,0.976562,0.1375,0.9400
256,27,0.960938,0.1375,0.9400
256,28,0.992188,0.1375,0.9400
256,29,0.953125,0.1375,0.9400
256,30,1.000000,0.1375,0.9400
256,31,1.000000,0.1375,0.9400
256,32,0.960938,0.1375,0.9400
256,33,0.960938,0.1375,0.9400
256,34,0.992188,0.1375,0.9400
256,35,0.929688,0.1375,0.9400
256,36,0.992188,0.1375,0.9400
256,37,0.921875,0.1375,0.9400
256,38,1.000000,0.1375,0.9400
256,39,0.992188,0.1375,0.9400
256,40,0.984375,0.1375,0.9400
256,41,0.984375,0.1375,0.9400
256,42,0.976562,0.1375,0.9400
256,43,0.960938,0.1375,0.9400
256,44,0.992188,0.1375,0.9400
256,45,1.000000,0.1375,0.9400
256,46,1.000000,0.1375,0.9400
256,47,0.992188,0.1375,0.9400
256,48,0.914062,0.1375,0.9400
256,49,0.984375,0.1375,0.9400
256,0,0.960938,0.1400,0.9600
256,1,1.000000,0.1400,0.9600
256,2,0.992188,0.1400,0.9600
256,3,1.000000,0.1400,0.9600
256,4,0.992188,0.1400,0.9600
256,5,0.984375,0.1400,0.9600
256,6,1.000000,0.1400,0.9600
256,7,1.000000,0.1400,0.9600
256,8,1.000000,0.1400,0.9600
256,9,0.992188,0.1400,0.9600
256,10,0.968750,0.1400,0.9600
256,11,1.000000,0.1400,0.9600
256,12,1.000000,0.1400,0.9600
256,13,0.960938,0.1400,0.9600
256,14,0.968750,0.1400,0.9600
256,15,1.000000,0.1400,0.9600
256,16,0.992188,0.1400,0.9600
256,17,1.000000,0.1400,0.9600
256,18,0.984375,0.1400,0.9600
256,19,0.976562,0.1400,0.9600
256,20,1.000000,0.1400,0.9600
256,21,1.000000,0.1400,0.9600
256,22,1.000000,0.1400,0.9600
256,23,1.000000,0.1400,0.9600
256,24,1.000000,0.1400,0.9600
256,25,1.000000,0.1400,0.9600
256,26,0.968750,0.1400,0.9600
256,27,0.953125,0.1400,0.9600
256,28,0.992188,0.1400,0.9600
256,29,0.968750,0.1400,0.9600
256,30,0.968750,0.1400,0.9600
256,31,0.992188,0.1400,0.9600
256,32,0.937500,0.1400,0.9600
256,33,0.960938,0.1400,0.9600
256,34,0.984375,0.1400,0.9600
256,35,0.976562,0.1400,0.9600
256,36,1.000000,0.1400,0.9600
256,37,0.929688,0.1400,0.9600
256,38,1.000000,0.1400,0.9600
256,39,0.992188,0.1400,0.9600
256,40,0.984375,0.1400,0.9600
256,41,0.984375,0.1400,0.9600
256,42,0.968750,0.1400,0.9600
256,43,0.960938,0.1400,0.9600
256,44,0.992188,0.1400,0.9600
256,45,0.992188,0.1400,0.9600
256,46,1.000000,0.1400,0.9600
256,47,0.992188,0.1400,0.9600
256,48,0.968750,0.1400,0.9600
256,49,0.976562,0.1400,0.9600
256,0,0.960938,0.1425,0.9600
256,1,1.000000,0.1425,0.9600
256,2,0.992188,0.1425,0.9600
256,3,1.000000,0.1425,0.9600
256,4,0.992188,0.1425,0.9600
256,5,0.984375,0.1425,0.9600
256,6,1.000000,0.1425,0.9600
256,7,1.000000,0.1425,0.9600
256,8,1.000000,0.1425,0.9600
256,9,0.992188,0.1425,0.9600
256,10,0.968750,0.1425,0.9600
256,11,1.000000,0.1425,0.9600
256,12,1.000000,0.1425,0.9600
256,13,0.960938,0.1425,0.9600
256,14,0.968750,0.1425,0.9600
256,15,1.000000,0.1425,0.9600
256,16,0.992188,0.1425,0.9600
256,17,1.000000,0.1425,0.9600
256,18,0.984375,0.1425,0.9600
256,19,0.976562,0.1425,0.9600
256,20,1.000000,0.1425,0.9600
256,21,1.000000,0.1425,0.9600
256,22,1.000000,0.1425,0.9600
256,23,1.000000,0.1425,0.9600
256,24,1.000000,0.1425,0.9600
256,25,1.000000,0.1425,0.9600
256,26,0.968750,0.1425,0.9600
256,27,0.953125,0.1425,0.9600
256,28,0.992188,0.1425,0.9600
256,29,0.968750,0.1425,0.9600
256,30,0.968750,0.1425,0.9600
256,31,0.992188,0.1425,0.9600
256,32,0.937500,0.1425,0.9600
256,33,0.960938,0.1425,0.9600
256,34,0.984375,0.1425,0.9600
256,35,0.976562,0.1425,0.9600
256,36,1.000000,0.1425,0.9600
256,37,0.929688,0.1425,0.9600
256,38,1.000000,0.1425,0.9600
256,39,0.992188,0.1425,0.9600
256,40,0.984375,0.1425,0.9600
256,41,0.984375,0.1425,0.9600
256,42,0.968750,0.1425,0.9600
256,43,0.960938,0.1425,0.9600
256,44,0.992188,0.1425,0.9600
256,45,0.992188,0.1425,0.9600
256,46,1.000000,0.1425,0.9600
256,47,0.992188,0.1425,0.9600
256,48,0.968750,0.1425,0.9600
256,49,0.976562,0.1425,0.9600
256,0,0.953125,0.1450,0.9600
256,1,1.000000,0.1450,0.9600
256,2,0.960938,0.1450,0.9600
256,3,1.000000,0.1450,0.9600
256,4,0.992188,0.1450,0.9600
256,5,0.984375,0.1450,0.9600
256,6,1.000000,0.1450,0.9600
256,7,0.992188,0.1450,0.9600
256,8,1.000000,0.1450,0.9600
256,9,0.992188,0.1450,0.9600
256,10,0.968750,0.1450,0.9600
256,11,0.992188,0.1450,0.9600
256,12,1.000000,0.1450,0.9600
256,13,0.960938,0.1450,0.9600
256,14,0.968750,0.1450,0.9600
256,15,1.000000,0.1450,0.9600
256,16,0.992188,0.1450,0.9600
256,17,1.000000,0.1450,0.9600
256,18,0.968750,0.1450,0.9600
256,19,0.976562,0.1450,0.9600
256,20,1.000000,0.1450,0.9600
256,21,1.000000,0.1450,0.9600
256,22,1.000000,0.1450,0.9600
256,23,1.000000,0.1450,0.9600
256,24,1.000000,0.1450,0.9600
256,25,1.000000,0.1450,0.9600
256,26,0.968750,0.1450,0.9600
256,27,0.953125,0.1450,0.9600
256,28,0.992188,0.1450,0.9600
256,29,0.953125,0.1450,0.9600
256,30,0.968750,0.1450,0.9600
256,31,0.976562,0.1450,0.9600
256,32,0.945312,0.1450,0.9600
256,33,0.960938,0.1450,0.9600
256,34,0.984375,0.1450,0.9600
256,35,0.960938,0.1450,0.9600
256,36,1.000000,0.1450,0.9600
256,37,0.921875,0.1450,0.9600
256,38,1.000000,0.1450,0.9600
256,39,1.000000,0.1450,0.9600
256,40,0.992188,0.1450,0.9600
256,41,0.984375,0.1450,0.9600
256,42,0.968750,0.1450,0.9600
256,43,0.960938,0.1450,0.9600
256,44,0.984375,0.1450,0.9600
256,45,1.000000,0.1450,0.9600
256,46,1.000000,0.1450,0.9600
256,47,0.992188,0.1450,0.9600
256,48,0.960938,0.1450,0.9600
256,49,0.968750,0.1450,0.9600
256,0,0.953125,0.1475,0.9600
256,1,1.000000,0.1475,0.9600
256,2,0.953125,0.1475,0.9600
256,3,1.000000,0.1475,0.9600
256,4,0.992188,0.1475,0.9600
256,5,0.984375,0.1475,0.9600
256,6,1.000000,0.1475,0.9600
256,7,0.992188,0.1475,0.9600
256,8,1.000000,0.1475,0.9600
256,9,0.992188,0.1475,0.9600
256,10,0.968750,0.1475,0.9600
256,11,1.000000,0.1475,0.9600
256,12,1.000000,0.1475,0.9600
256,13,0.968750,0.1475,0.9600
256,14,0.960938,0.1475,0.9600
256,15,0.992188,0.1475,0.9600
256,16,1.000000,0.1475,0.9600
256,17,0.992188,0.1475,0.9600
256,18,0.960938,0.1475,0.9600
256,19,0.976562,0.1475,0.9600
256,20,1.000000,0.1475,0.9600
256,21,1.000000,0.1475,0.9600
256,22,0.984375,0.1475,0.9600
256,23,1.000000,0.1475,0.9600
256,24,1.000000,0.1475,0.9600
256,25,1.000000,0.1475,0.9600
256,26,0.968750,0.1475,0.9600
256,27,0.953125,0.1475,0.9600
256,28,0.992188,0.1475,0.9600
256,29,0.953125,0.1475,0.9600
256,30,0.992188,0.1475,0.9600
256,31,0.960938,0.1475,0.9600
256,32,0.906250,0.1475,0.9600
256,33,0.976562,0.1475,0.9600
256,34,0.984375,0.1475,0.9600
256,35,0.960938,0.1475,0.9600
256,36,0.992188,0.1475,0.9600
256,37,0.945312,0.1475,0.9600
256,38,1.000000,0.1475,0.9600
256,39,0.992188,0.1475,0.9600
256,40,0.992188,0.1475,0.9600
256,41,0.992188,0.1475,0.9600
256,42,0.984375,0.1475,0.9600
256,43,0.960938,0.1475,0.9600
256,44,0.984375,0.1475,0.9600
256,45,0.992188,0.1475,0.9600
256,46,1.000000,0.1475,0.9600
256,47,0.984375,0.1475,0.9600
256,48,0.984375,0.1475,0.9600
256,49,0.968750,0.1475,0.9600
256,0,0.953125,0.1500,0.9600
256,1,1.000000,0.1500,0.9600
256,2,0.953125,0.1500,0.9600
256,3,1.000000,0.1500,0.9600
256,4,0.992188,0.1500,0.9600
256,5,0.984375,0.1500,0.9600
256,6,1.000000,0.1500,0.9600
256,7,0.992188,0.1500,0.9600
256,8,1.000000,0.1500,0.9600
256,9,0.992188,0.1500,0.9600
256,10,0.968750,0.1500,0.9600
256,11,1.000000,0.1500,0.9600
256,12,1.000000,0.1500,0.9600
256,13,0.968750,0.1500,0.9600
256,14,0.960938,0.1500,0.9600
256,15,0.992188,0.1500,0.9600
256,16,1.000000,0.1500,0.9600
256,17,0.992188,0.1500,0.9600
256,18,0.960938,0.1500,0.9600
256,19,0.976562,0.1500,0.9600
256,20,1.000000,0.1500,0.9600
256,21,1.000000,0.1500,0.9600
256,22,0.984375,0.1500,0.9600
256,23,1.000000,0.1500,0.9600
256,24,1.000000,0.1500,0.9600
256,25,1.000000,0.1500,0.9600
256,26,0.968750,0.1500,0.9600
256,27,0.953125,0.1500,0.9600
256,28,0.992188,0.1500,0.9600
256,29,0.953125,0.1500,0.9600
256,30,0.992188,0.1500,0.9600
256,31,0.960938,0.1500,0.9600
256,32,0.906250,0.1500,0.9600
256,33,0.976562,0.1500,0.9600
256,34,0.984375,0.1500,0.9600
256,35,0.960938,0.1500,0.9600
256,36,0.992188,0.1500,0.9600
256,37,0.945312,0.1500,0.9600
256,38,1.000000,0.1500,0.9600
256,39,0.992188,0.1500,0.9600
256,40,0.992188,0.1500,0.9600
256,41,0.992188,0.1500,0.9600
256,42,0.984375,0.1500,0.9600
256,43,0.960938,0.1500,0.9600
256,44,0.984375,0.1500,0.9600
256,45,0.992188,0.1500,0.9600
256,46,1.000000,0.1500,0.9600
256,47,0.984375,0.1500,0.9600
256,48,0.984375,0.1500,0.9600
256,49,0.968750,0.1500,0.9600
256,0,0.953125,0.1525,0.9200
256,1,1.000000,0.1525,0.9200
256,2,0.945312,0.1525,0.9200
256,3,0.992188,0.1525,0.9200
256,4,0.992188,0.1525,0.9200
256,5,0.984375,0.1525,0.9200
256,6,1.000000,0.1525,0.9200
256,7,0.992188,0.1525,0.9200
256,8,1.000000,0.1525,0.9200
256,9,0.992188,0.1525,0.9200
256,10,0.968750,0.1525,0.9200
256,11,1.000000,0.1525,0.9200
256,12,1.000000,0.1525,0.9200
256,13,0.960938,0.1525,0.9200
256,14,0.960938,0.1525,0.9200
256,15,0.992188,0.1525,0.9200
256,16,1.000000,0.1525,0.9200
256,17,1.000000,0.1525,0.9200
256,18,0.960938,0.1525,0.9200
256,19,0.992188,0.1525,0.9200
256,20,1.000000,0.1525,0.9200
256,21,1.000000,0.1525,0.9200
256,22,0.992188,0.1525,0.9200
256,23,1.000000,0.1525,0.9200
256,24,0.976562,0.1525,0.9200
256,25,1.000000,0.1525,0.9200
256,26,0.984375,0.1525,0.9200
256,27,0.953125,0.1525,0.9200
256,28,0.984375,0.1525,0.9200
256,29,0.960938,0.1525,0.9200
256,30,0.968750,0.1525,0.9200
256,31,0.976562,0.1525,0.9200
256,32,0.914062,0.1525,0.9200
256,33,0.968750,0.1525,0.9200
256,34,0.976562,0.1525,0.9200
256,35,0.968750,0.1525,0.9200
256,36,0.992188,0.1525,0.9200
256,37,0.945312,0.1525,0.9200
256,38,1.000000,0.1525,0.9200
256,39,0.968750,0.1525,0.9200
256,40,0.984375,0.1525,0.9200
256,41,0.984375,0.1525,0.9200
256,42,0.976562,0.1525,0.9200
256,43,0.937500,0.1525,0.9200
256,44,0.968750,0.1525,0.9200
256,45,1.000000,0.1525,0.9200
256,46,1.000000,0.1525,0.9200
256,47,0.960938,0.1525,0.9200
256,48,0.968750,0.1525,0.9200
256,49,0.968750,0.1525,0.9200
256,0,0.937500,0.1550,0.8600
256,1,1.000000,0.1550,0.8600
256,2,0.968750,0.1550,0.8600
256,3,0.992188,0.1550,0.8600
256,4,0.992188,0.1550,0.8600
256,5,0.992188,0.1550,0.8600
256,6,1.000000,0.1550,0.8600
256,7,0.992188,0.1550,0.8600
256,8,1.000000,0.1550,0.8600
256,9,0.992188,0.1550,0.8600
256,10,0.945312,0.1550,0.8600
256,11,0.992188,0.1550,0.8600
256,12,1.000000,0.1550,0.8600
256,13,0.968750,0.1550,0.8600
256,14,0.960938,0.1550,0.8600
256,15,0.992188,0.1550,0.8600
256,16,0.992188,0.1550,0.8600
256,17,1.000000,0.1550,0.8600
256,18,0.945312,0.1550,0.8600
256,19,0.992188,0.1550,0.8600
256,20,1.000000,0.1550,0.8600
256,21,1.000000,0.1550,0.8600
256,22,0.953125,0.1550,0.8600
256,23,1.000000,0.1550,0.8600
256,24,0.976562,0.1550,0.8600
256,25,1.000000,0.1550,0.8600
256,26,0.976562,0.1550,0.8600
256,27,0.937500,0.1550,0.8600
256,28,0.976562,0.1550,0.8600
256,29,0.937500,0.1550,0.8600
256,30,0.984375,0.1550,0.8600
256,31,0.976562,0.1550,0.8600
256,32,0.914062,0.1550,0.8600
256,33,0.968750,0.1550,0.8600
256,34,0.976562,0.1550,0.8600
256,35,0.968750,0.1550,0.8600
256,36,0.976562,0.1550,0.8600
256,37,0.960938,0.1550,0.8600
256,38,1.000000,0.1550,0.8600
256,39,0.968750,0.1550,0.8600
256,40,0.976562,0.1550,0.8600
256,41,0.992188,0.1550,0.8600
256,42,0.992188,0.1550,0.8600
256,43,0.937500,0.1550,0.8600
256,44,0.968750,0.1550,0.8600
256,45,0.992188,0.1550,0.8600
256,46,0.984375,0.1550,0.8600
256,47,0.960938,0.1550,0.8600
256,48,0.984375,0.1550,0.8600
256,49,0.968750,0.1550,0.8600
256,0,0.937500,0.1575,0.8600
256,1,1.000000,0.1575,0.8600
256,2,0.968750,0.1575,0.8600
256,3,0.992188,0.1575,0.8600
256,4,0.992188,0.1575,0.8600
256,5,0.992188,0.1575,0.8600
256,6,1.000000,0.1575,0.8600
256,7,0.992188,0.1575,0.8600
256,8,1.000000,0.1575,0.8600
256,9,0.992188,0.1575,0.8600
256,10,0.945312,0.1575,0.8600
256,11,0.992188,0.1575,0.8600
256,12,1.000000,0.1575,0.8600
256,13,0.968750,0.1575,0.8600
256,14,0.960938,0.1575,0.8600
256,15,0.992188,0.1575,0.8600
256,16,0.992188,0.1575,0.8600
256,17,1.000000,0.1575,0.8600
256,18,0.945312,0.1575,0.8600
256,19,0.992188,0.1575,0.8600
256,20,1.000000,0.1575,0.8600
256,21,1.000000,0.1575,0.8600
256,22,0.953125,0.1575,0.8600
256,23,1.000000,0.1575,0.8600
256,24,0.976562,0.1575,0.8600
256,25,1.000000,0.1575,0.8600
256,26,0.976562,0.1575,0.8600
256,27,0.937500,0.1575,0.8600
256,28,0.976562,0.1575,0.8600
256,29,0.937500,0.1575,0.8600
256,30,0.984375,0.1575,0.8600
256,31,0.976562,0.1575,0.8600
256,32,0.914062,0.1575,0.8600
256,33,0.968750,0.1575,0.8600
256,34,0.976562,0.1575,0.8600
256,35,0.968750,0.1575,0.8600
256,36,0.976562,0.1575,0.8600
256,37,0.960938,0.1575,0.8600
256,38,1.000000,0.1575,0.8600
256,39,0.968750,0.1575,0.8600
256,40,0.976562,0.1575,0.8600
256,41,0.992188,0.1575,0.8600
256,42,0.992188,0.1575,0.8600
256,43,0.937500,0.1575,0.8600
256,44,0.968750,0.1575,0.8600
256,45,0.992188,0.1575,0.8600
256,46,0.984375,0.1575,0.8600
256,47,0.960938,0.1575,0.8600
256,48,0.984375,0.1575,0.8600
256,49,0.968750,0.1575,0.8600
256,0,0.937500,0.1600,0.8800
256,1,0.992188,0.1600,0.8800
256,2,0.945312,0.1600,0.8800
256,3,1.000000,0.1600,0.8800
256,4,0.992188,0.1600,0.8800
256,5,0.992188,0.1600,0.8800
256,6,1.000000,0.1600,0.8800
256,7,0.984375,0.1600,0.8800
256,8,1.000000,0.1600,0.8800
256,9,0.976562,0.1600,0.8800
256,10,0.953125,0.1600,0.8800
256,11,0.992188,0.1600,0.8800
256,12,0.992188,0.1600,0.8800
256,13,0.976562,0.1600,0.8800
256,14,0.953125,0.1600,0.8800
256,15,0.992188,0.1600,0.8800
256,16,0.976562,0.1600,0.8800
256,17,1.000000,0.1600,0.8800
256,18,0.945312,0.1600,0.8800
256,19,0.992188,0.1600,0.8800
256,20,1.000000,0.1600,0.8800
256,21,1.000000,0.1600,0.8800
256,22,0.960938,0.1600,0.8800
256,23,1.000000,0.1600,0.8800
256,24,0.976562,0.1600,0.8800
256,25,1.000000,0.1600,0.8800
256,26,0.976562,0.1600,0.8800
256,27,0.960938,0.1600,0.8800
256,28,0.976562,0.1600,0.8800
256,29,0.937500,0.1600,0.8800
256,30,0.984375,0.1600,0.8800
256,31,0.960938,0.1600,0.8800
256,32,0.914062,0.1600,0.8800
256,33,0.968750,0.1600,0.8800
256,34,0.976562,0.1600,0.8800
256,35,0.968750,0.1600,0.8800
256,36,0.968750,0.1600,0.8800
256,37,0.953125,0.1600,0.8800
256,38,0.984375,0.1600,0.8800
256,39,0.968750,0.1600,0.8800
256,40,0.968750,0.1600,0.8800
256,41,0.992188,0.1600,0.8800
256,42,0.984375,0.1600,0.8800
256,43,0.929688,0.1600,0.8800
256,44,0.976562,0.1600,0.8800
256,45,0.992188,0.1600,0.8800
256,46,0.984375,0.1600,0.8800
256,47,0.953125,0.1600,0.8800
256,48,0.984375,0.1600,0.8800
256,49,0.968750,0.1600,0.8800
256,0,0.937500,0.1625,0.8400
256,1,1.000000,0.1625,0.8400
256,2,0.945312,0.1625,0.8400
256,3,1.000000,0.1625,0.8400
256,4,0.992188,0.1625,0.8400
256,5,0.992188,0.1625,0.8400
256,6,1.000000,0.1625,0.8400
256,7,0.984375,0.1625,0.8400
256,8,1.000000,0.1625,0.8400
256,9,0.960938,0.1625,0.8400
256,10,0.960938,0.1625,0.8400
256,11,0.984375,0.1625,0.8400
256,12,0.992188,0.1625,0.8400
256,13,0.968750,0.1625,0.8400
256,14,0.945312,0.1625,0.8400
256,15,0.992188,0.1625,0.8400
256,16,0.968750,0.1625,0.8400
256,17,1.000000,0.1625,0.8400
256,18,0.953125,0.1625,0.8400
256,19,0.984375,0.1625,0.8400
256,20,1.000000,0.1625,0.8400
256,21,1.000000,0.1625,0.8400
256,22,0.953125,0.1625,0.8400
256,23,1.000000,0.1625,0.8400
256,24,0.992188,0.1625,0.8400
256,25,0.992188,0.1625,0.8400
256,26,0.976562,0.1625,0.8400
256,27,0.937500,0.1625,0.8400
256,28,0.984375,0.1625,0.8400
256,29,0.937500,0.1625,0.8400
256,30,0.984375,0.1625,0.8400
256,31,0.968750,0.1625,0.8400
256,32,0.914062,0.1625,0.8400
256,33,0.968750,0.1625,0.8400
256,34,0.992188,0.1625,0.8400
256,35,0.976562,0.1625,0.8400
256,36,0.960938,0.1625,0.8400
256,37,0.945312,0.1625,0.8400
256,38,0.976562,0.1625,0.8400
256,39,0.968750,0.1625,0.8400
256,40,0.984375,0.1625,0.8400
256,41,0.992188,0.1625,0.8400
256,42,0.984375,0.1625,0.8400
256,43,0.914062,0.1625,0.8400
256,44,0.976562,0.1625,0.8400
256,45,0.976562,0.1625,0.8400
256,46,0.984375,0.1625,0.8400
256,47,0.960938,0.1625,0.8400
256,48,0.984375,0.1625,0.8400
256,49,0.960938,0.1625,0.8400
256,0,0.937500,0.1650,0.8400
256,1,1.000000,0.1650,0.8400
256,2,0.945312,0.1650,0.8400
256,3,1.000000,0.1650,0.8400
256,4,0.992188,0.1650,0.8400
256,5,0.992188,0.1650,0.8400
256,6,1.000000,0.1650,0.8400
256,7,0.984375,0.1650,0.8400
256,8,1.000000,0.1650,0.8400
256,9,0.960938,0.1650,0.8400
256,10,0.960938,0.1650,0.8400
256,11,0.984375,0.1650,0.8400
256,12,0.992188,0.1650,0.8400
256,13,0.968750,0.1650,0.8400
256,14,0.945312,0.1650,0.8400
256,15,0.992188,0.1650,0.8400
256,16,0.968750,0.1650,0.8400
256,17,1.000000,0.1650,0.8400
256,18,0.953125,0.1650,0.8400
256,19,0.984375,0.1650,0.8400
256,20,1.000000,0.1650,0.8400
256,21,1.000000,0.1650,0.8400
256,22,0.953125,0.1650,0.8400
256,23,1.000000,0.1650,0.8400
256,24,0.992188,0.1650,0.8400
256,25,0.992188,0.1650,0.8400
256,26,0.976562,0.1650,0.8400
256,27,0.937500,0.1650,0.8400
256,28,0.984375,0.1650,0.8400
256,29,0.937500,0.1650,0.8400
256,30,0.984375,0.1650,0.8400
256,31,0.968750,0.1650,0.8400
256,32,0.914062,0.1650,0.8400
256,33,0.968750,0.1650,0.8400
256,34,0.992188,0.1650,0.8400
256,35,0.976562,0.1650,0.8400
256,36,0.960938,0.1650,0.8400
256,37,0.945312,0.1650,0.8400
256,38,0.976562,0.1650,0.8400
256,39,0.968750,0.1650,0.8400
256,40,0.984375,0.1650,0.8400
256,41,0.992188,0.1650,0.8400
256,42,0.984375,0.1650,0.8400
256,43,0.914062,0.1650,0.8400
256,44,0.976562,0.1650,0.8400
256,45,0.976562,0.1650,0.8400
256,46,0.984375,0.1650,0.8400
256,47,0.960938,0.1650,0.8400
256,48,0.984375,0.1650,0.8400
256,49,0.960938,0.1650,0.8400
256,0,0.937500,0.1675,0.7800
256,1,1.000000,0.1675,0.7800
256,2,0.968750,0.1675,0.7800
256,3,0.984375,0.1675,0.7800
256,4,0.984375,0.1675,0.7800
256,5,0.984375,0.1675,0.7800
256,6,0.992188,0.1675,0.7800
256,7,0.984375,0.1675,0.7800
256,8,1.000000,0.1675,0.7800
256,9,0.960938,0.1675,0.7800
256,10,0.937500,0.1675,0.7800
256,11,0.976562,0.1675,0.7800
256,12,1.000000,0.1675,0.7800
256,13,0.960938,0.1675,0.7800
256,14,0.945312,0.1675,0.7800
256,15,0.992188,0.1675,0.7800
256,16,0.937500,0.1675,0.7800
256,17,0.992188,0.1675,0.7800
256,18,0.953125,0.1675,0.7800
256,19,0.992188,0.1675,0.7800
256,20,1.000000,0.1675,0.7800
256,21,1.000000,0.1675,0.7800
256,22,0.960938,0.1675,0.7800
256,23,1.000000,0.1675,0.7800
256,24,0.992188,0.1675,0.7800
256,25,1.000000,0.1675,0.7800
256,26,0.937500,0.1675,0.7800
256,27,0.945312,0.1675,0.7800
256,28,0.984375,0.1675,0.7800
256,29,0.937500,0.1675,0.7800
256,30,0.976562,0.1675,0.7800
256,31,0.960938,0.1675,0.7800
256,32,0.906250,0.1675,0.7800
256,33,0.968750,0.1675,0.7800
256,34,0.984375,0.1675,0.7800
256,35,0.953125,0.1675,0.7800
256,36,0.960938,0.1675,0.7800
256,37,0.929688,0.1675,0.7800
256,38,0.960938,0.1675,0.7800
256,39,0.968750,0.1675,0.7800
256,40,0.960938,0.1675,0.7800
256,41,0.992188,0.1675,0.7800
256,42,0.960938,0.1675,0.7800
256,43,0.937500,0.1675,0.7800
256,44,0.984375,0.1675,0.7800
256,45,0.992188,0.1675,0.7800
256,46,0.992188,0.1675,0.7800
256,47,0.960938,0.1675,0.7800
256,48,0.984375,0.1675,0.7800
256,49,0.929688,0.1675,0.7800
256,0,0.937500,0.1700,0.7600
256,1,1.000000,0.1700,0.7600
256,2,0.968750,0.1700,0.7600
256,3,0.984375,0.1700,0.7600
256,4,0.984375,0.1700,0.7600
256,5,0.984375,0.1700,0.7600
256,6,0.992188,0.1700,0.7600
256,7,0.984375,0.1700,0.7600
256,8,1.000000,0.1700,0.7600
256,9,0.968750,0.1700,0.7600
256,10,0.914062,0.1700,0.7600
256,11,0.968750,0.1700,0.7600
256,12,0.992188,0.1700,0.7600
256,13,0.960938,0.1700,0.7600
256,14,0.953125,0.1700,0.7600
256,15,0.992188,0.1700,0.7600
256,16,0.929688,0.1700,0.7600
256,17,0.992188,0.1700,0.7600
256,18,0.953125,0.1700,0.7600
256,19,0.960938,0.1700,0.7600
256,20,1.000000,0.1700,0.7600
256,21,1.000000,0.1700,0.7600
256,22,0.945312,0.1700,0.7600
256,23,1.000000,0.1700,0.7600
256,24,0.960938,0.1700,0.7600
256,25,1.000000,0.1700,0.7600
256,26,0.937500,0.1700,0.7600
256,27,0.945312,0.1700,0.7600
256,28,0.984375,0.1700,0.7600
256,29,0.937500,0.1700,0.7600
256,30,0.976562,0.1700,0.7600
256,31,0.968750,0.1700,0.7600
256,32,0.914062,0.1700,0.7600
256,33,0.968750,0.1700,0.7600
256,34,0.984375,0.1700,0.7600
256,35,0.953125,0.1700,0.7600
256,36,0.992188,0.1700,0.7600
256,37,0.929688,0.1700,0.7600
256,38,0.960938,0.1700,0.7600
256,39,0.968750,0.1700,0.7600
256,40,0.992188,0.1700,0.7600
256,41,0.984375,0.1700,0.7600
256,42,0.906250,0.1700,0.7600
256,43,0.929688,0.1700,0.7600
256,44,0.984375,0.1700,0.7600
256,45,0.960938,0.1700,0.7600
256,46,0.984375,0.1700,0.7600
256,47,0.960938,0.1700,0.7600
256,48,0.968750,0.1700,0.7600
256,49,0.937500,0.1700,0.7600
256,0,0.937500,0.1725,0.7600
256,1,1.000000,0.1725,0.7600
256,2,0.968750,0.1725,0.7600
256,3,0.984375,0.1725,0.7600
256,4,0.984375,0.1725,0.7600
256,5,0.984375,0.1725,0.7600
256,6,0.992188,0.1725,0.7600
256,7,0.984375,0.1725,0.7600
256,8,1.000000,0.1725,0.7600
256,9,0.968750,0.1725,0.7600
256,10,0.914062,0.1725,0.7600
256,11,0.968750,0.1725,0.7600
256,12,0.992188,0.1725,0.7600
256,13,0.960938,0.1725,0.7600
256,14,0.953125,0.1725,0.7600
256,15,0.992188,0.1725,0.7600
256,16,0.929688,0.1725,0.7600
256,17,0.992188,0.1725,0.7600
256,18,0.953125,0.1725,0.7600
256,19,0.960938,0.1725,0.7600
256,20,1.000000,0.1725,0.7600
256,21,1.000000,0.1725,0.7600
256,22,0.945312,0.1725,0.7600
256,23,1.000000,0.1725,0.7600
256,24,0.960938,0.1725,0.7600
256,25,1.000000,0.1725,0.7600
256,26,0.937500,0.1725,0.7600
256,27,0.945312,0.1725,0.7600
256,28,0.984375,0.1725,0.7600
256,29,0.937500,0.1725,0.7600
256,30,0.976562,0.1725,0.7600
256,31,0.968750,0.1725,0.7600
256,32,0.914062,0.1725,0.7600
256,33,0.968750,0.1725,0.7600
256,34,0.984375,0.1725,0.7600
256,35,0.953125,0.1725,0.7600
256,36,0.992188,0.1725,0.7600
256,37,0.929688,0.1725,0.7600
256,38,0.960938,0.1725,0.7600
256,39,0.968750,0.1725,0.7600
256,40,0.992188,0.1725,0.7600
256,41,0.984375,0.1725,0.7600
256,42,0.906250,0.1725,0.7600
256,43,0.929688,0.1725,0.7600
256,44,0.984375,0.1725,0.7600
256,45,0.960938,0.1725,0.7600
256,46,0.984375,0.1725,0.7600
256,47,0.960938,0.1725,0.7600
256,48,0.968750,0.1725,0.7600
256,49,0.937500,0.1725,0.7600
256,0,0.914062,0.1750,0.7200
256,1,1.000000,0.1750,0.7200
256,2,0.968750,0.1750,0.7200
256,3,0.984375,0.1750,0.7200
256,4,0.984375,0.1750,0.7200
256,5,0.960938,0.1750,0.7200
256,6,0.976562,0.1750,0.7200
256,7,0.984375,0.1750,0.7200
256,8,1.000000,0.1750,0.7200
256,9,0.937500,0.1750,0.7200
256,10,0.945312,0.1750,0.7200
256,11,0.968750,0.1750,0.7200
256,12,0.976562,0.1750,0.7200
256,13,0.960938,0.1750,0.7200
256,14,0.960938,0.1750,0.7200
256,15,0.992188,0.1750,0.7200
256,16,0.929688,0.1750,0.7200
256,17,0.992188,0.1750,0.7200
256,18,0.945312,0.1750,0.7200
256,19,0.953125,0.1750,0.7200
256,20,0.992188,0.1750,0.7200
256,21,1.000000,0.1750,0.7200
256,22,0.898438,0.1750,0.7200
256,23,1.000000,0.1750,0.7200
256,24,0.976562,0.1750,0.7200
256,25,1.000000,0.1750,0.7200
256,26,0.929688,0.1750,0.7200
256,27,0.945312,0.1750,0.7200
256,28,0.992188,0.1750,0.7200
256,29,0.953125,0.1750,0.7200
256,30,0.976562,0.1750,0.7200
256,31,0.968750,0.1750,0.7200
256,32,0.875000,0.1750,0.7200
256,33,0.968750,0.1750,0.7200
256,34,0.984375,0.1750,0.7200
256,35,0.953125,0.1750,0.7200
256,36,0.992188,0.1750,0.7200
256,37,0.929688,0.1750,0.7200
256,38,0.960938,0.1750,0.7200
256,39,0.984375,0.1750,0.7200
256,40,0.992188,0.1750,0.7200
256,41,0.992188,0.1750,0.7200
256,42,0.921875,0.1750,0.7200
256,43,0.906250,0.1750,0.7200
256,44,0.984375,0.1750,0.7200
256,45,0.945312,0.1750,0.7200
256,46,0.984375,0.1750,0.7200
256,47,0.953125,0.1750,0.7200
256,48,0.984375,0.1750,0.7200
256,49,0.945312,0.1750,0.7200
256,0,0.914062,0.1775,0.7200
256,1,1.000000,0.1775,0.7200
256,2,0.968750,0.1775,0.7200
256,3,0.984375,0.1775,0.7200
256,4,0.984375,0.1775,0.7200
256,5,0.960938,0.1775,0.7200
256,6,0.976562,0.1775,0.7200
256,7,0.984375,0.1775,0.7200
256,8,1.000000,0.1775,0.7200
256,9,0.937500,0.1775,0.7200
256,10,0.945312,0.1775,0.7200
256,11,0.968750,0.1775,0.7200
256,12,0.976562,0.1775,0.7200
256,13,0.960938,0.1775,0.7200
256,14,0.960938,0.1775,0.7200
256,15,0.992188,0.1775,0.7200
256,16,0.929688,0.1775,0.7200
256,17,0.992188,0.1775,0.7200
256,18,0.945312,0.1775,0.7200
256,19,0.953125,0.1775,0.7200
256,20,0.992188,0.1775,0.7200
256,21,1.000000,0.1775,0.7200
256,22,0.898438,0.1775,0.7200
256,23,1.000000,0.1775,0.7200
256,24,0.976562,0.1775,0.7200
256,25,1.000000,0.1775,0.7200
256,26,0.929688,0.1775,0.7200
256,27,0.945312,0.1775,0.7200
256,28,0.992188,0.1775,0.7200
256,29,0.953125,0.1775,0.7200
256,30,0.976562,0.1775,0.7200
256,31,0.968750,0.1775,0.7200
256,32,0.875000,0.1775,0.7200
256,33,0.968750,0.1775,0.7200
256,34,0.984375,0.1775,0.7200
256,35,0.953125,0.1775,0.7200
256,36,0.992188,0.1775,0.7200
256,37,0.929688,0.1775,0.7200
256,38,0.960938,0.1775,0.7200
256,39,0.984375,0.1775,0.7200
256,40,0.992188,0.1775,0.7200
256,41,0.992188,0.1775,0.7200
256,42,0.921875,0.1775,0.7200
256,43,0.906250,0.1775,0.7200
256,44,0.984375,0.1775,0.7200
256,45,0.945312,0.1775,0.7200
256,46,0.984375,0.1775,0.7200
256,47,0.953125,0.1775,0.7200
256,48,0.984375,0.1775,0.7200
256,49,0.945312,0.1775,0.7200
256,0,0.906250,0.1800,0.7600
256,1,1.000000,0.1800,0.7600
256,2,0.960938,0.1800,0.7600
256,3,0.984375,0.1800,0.7600
256,4,0.984375,0.1800,0.7600
256,5,0.992188,0.1800,0.7600
256,6,0.976562,0.1800,0.7600
256,7,0.984375,0.1800,0.7600
256,8,1.000000,0.1800,0.7600
256,9,0.945312,0.1800,0.7600
256,10,0.945312,0.1800,0.7600
256,11,0.976562,0.1800,0.7600
256,12,0.976562,0.1800,0.7600
256,13,0.968750,0.1800,0.7600
256,14,0.937500,0.1800,0.7600
256,15,0.992188,0.1800,0.7600
256,16,0.968750,0.1800,0.7600
256,17,0.992188,0.1800,0.7600
256,18,0.953125,0.1800,0.7600
256,19,0.968750,0.1800,0.7600
256,20,0.992188,0.1800,0.7600
256,21,1.000000,0.1800,0.7600
256,22,0.898438,0.1800,0.7600
256,23,1.000000,0.1800,0.7600
256,24,0.976562,0.1800,0.7600
256,25,1.000000,0.1800,0.7600
256,26,0.929688,0.1800,0.7600
256,27,0.953125,0.1800,0.7600
256,28,1.000000,0.1800,0.7600
256,29,0.953125,0.1800,0.7600
256,30,0.976562,0.1800,0.7600
256,31,0.960938,0.1800,0.7600
256,32,0.875000,0.1800,0.7600
256,33,0.968750,0.1800,0.7600
256,34,0.984375,0.1800,0.7600
256,35,0.953125,0.1800,0.7600
256,36,0.992188,0.1800,0.7600
256,37,0.929688,0.1800,0.7600
256,38,0.953125,0.1800,0.7600
256,39,0.976562,0.1800,0.7600
256,40,0.953125,0.1800,0.7600
256,41,0.976562,0.1800,0.7600
256,42,0.921875,0.1800,0.7600
256,43,0.898438,0.1800,0.7600
256,44,0.929688,0.1800,0.7600
256,45,0.976562,0.1800,0.7600
256,46,0.984375,0.1800,0.7600
256,47,0.953125,0.1800,0.7600
256,48,0.984375,0.1800,0.7600
256,49,0.921875,0.1800,0.7600
256,0,0.945312,0.1825,0.6600
256,1,1.000000,0.1825,0.6600
256,2,0.937500,0.1825,0.6600
256,3,0.984375,0.1825,0.6600
256,4,0.984375,0.1825,0.6600
256,5,0.984375,0.1825,0.6600
256,6,0.984375,0.1825,0.6600
256,7,0.984375,0.1825,0.6600
256,8,1.000000,0.1825,0.6600
256,9,0.945312,0.1825,0.6600
256,10,0.937500,0.1825,0.6600
256,11,0.976562,0.1825,0.6600
256,12,0.968750,0.1825,0.6600
256,13,0.929688,0.1825,0.6600
256,14,0.953125,0.1825,0.6600
256,15,0.984375,0.1825,0.6600
256,16,0.945312,0.1825,0.6600
256,17,0.984375,0.1825,0.6600
256,18,0.953125,0.1825,0.6600
256,19,0.976562,0.1825,0.6600
256,20,0.992188,0.1825,0.6600
256,21,1.000000,0.1825,0.6600
256,22,0.890625,0.1825,0.6600
256,23,1.000000,0.1825,0.6600
256,24,0.976562,0.1825,0.6600
256,25,1.000000,0.1825,0.6600
256,26,0.937500,0.1825,0.6600
256,27,0.960938,0.1825,0.6600
256,28,0.976562,0.1825,0.6600
256,29,0.945312,0.1825,0.6600
256,30,0.984375,0.1825,0.6600
256,31,0.968750,0.1825,0.6600
256,32,0.914062,0.1825,0.6600
256,33,0.968750,0.1825,0.6600
256,34,0.984375,0.1825,0.6600
256,35,0.953125,0.1825,0.6600
256,36,0.976562,0.1825,0.6600
256,37,0.929688,0.1825,0.6600
256,38,0.953125,0.1825,0.6600
256,39,0.953125,0.1825,0.6600
256,40,0.992188,0.1825,0.6600
256,41,0.929688,0.1825,0.6600
256,42,0.921875,0.1825,0.6600
256,43,0.835938,0.1825,0.6600
256,44,0.937500,0.1825,0.6600
256,45,0.968750,0.1825,0.6600
256,46,0.992188,0.1825,0.6600
256,47,0.945312,0.1825,0.6600
256,48,0.984375,0.1825,0.6600
256,49,0.929688,0.1825,0.6600
256,0,0.945312,0.1850,0.6600
256,1,1.000000,0.1850,0.6600
256,2,0.937500,0.1850,0.6600
256,3,0.984375,0.1850,0.6600
256,4,0.984375,0.1850,0.6600
256,5,0.984375,0.1850,0.6600
256,6,0.984375,0.1850,0.6600
256,7,0.984375,0.1850,0.6600
256,8,1.000000,0.1850,0.6600
256,9,0.945312,0.1850,0.6600
256,10,0.937500,0.1850,0.6600
256,11,0.976562,0.1850,0.6600
256,12,0.968750,0.1850,0.6600
256,13,0.929688,0.1850,0.6600
256,14,0.953125,0.1850,0.6600
256,15,0.984375,0.1850,0.6600
256,16,0.945312,0.1850,0.6600
256,17,0.984375,0.1850,0.6600
256,18,0.953125,0.1850,0.6600
256,19,0.976562,0.1850,0.6600
256,20,0.992188,0.1850,0.6600
256,21,1.000000,0.1850,0.6600
256,22,0.890625,0.1850,0.6600
256,23,1.000000,0.1850,0.6600
256,24,0.976562,0.1850,0.6600
256,25,1.000000,0.1850,0.6600
256,26,0.937500,0.1850,0.6600
256,27,0.960938,0.1850,0.6600
256,28,0.976562,0.1850,0.6600
256,29,0.945312,0.1850,0.6600
256,30,0.984375,0.1850,0.6600
256,31,0.968750,0.1850,0.6600
256,32,0.914062,0.1850,0.6600
256,33,0.968750,0.1850,0.6600
256,34,0.984375,0.1850,0.6600
256,35,0.953125,0.1850,0.6600
256,36,0.976562,0.1850,0.6600
256,37,0.929688,0.1850,0.6600
256,38,0.953125,0.1850,0.6600
256,39,0.953125,0.1850,0.6600
256,40,0.992188,0.1850,0.6600
256,41,0.929688,0.1850,0.6600
256,42,0.921875,0.1850,0.6600
256,43,0.835938,0.1850,0.6600
256,44,0.937500,0.1850,0.6600
256,45,0.968750,0.1850,0.6600
256,46,0.992188,0.1850,0.6600
256,47,0.945312,0.1850,0.6600
256,48,0.984375,0.1850,0.6600
256,49,0.929688,0.1850,0.6600
256,0,0.898438,0.1875,0.6400
256,1,1.000000,0.1875,0.6400
256,2,0.960938,0.1875,0.6400
256,3,0.968750,0.1875,0.6400
256,4,0.984375,0.1875,0.6400
256,5,0.992188,0.1875,0.6400
256,6,0.984375,0.1875,0.6400
256,7,0.984375,0.1875,0.6400
256,8,1.000000,0.1875,0.6400
256,9,0.937500,0.1875,0.6400
256,10,0.945312,0.1875,0.6400
256,11,0.968750,0.1875,0.6400
256,12,0.976562,0.1875,0.6400
256,13,0.921875,0.1875,0.6400
256,14,0.953125,0.1875,0.6400
256,15,0.984375,0.1875,0.6400
256,16,0.882812,0.1875,0.6400
256,17,0.984375,0.1875,0.6400
256,18,0.937500,0.1875,0.6400
256,19,0.976562,0.1875,0.6400
256,20,0.984375,0.1875,0.6400
256,21,1.000000,0.1875,0.6400
256,22,0.898438,0.1875,0.6400
256,23,1.000000,0.1875,0.6400
256,24,0.968750,0.1875,0.6400
256,25,0.992188,0.1875,0.6400
256,26,0.929688,0.1875,0.6400
256,27,0.960938,0.1875,0.6400
256,28,0.992188,0.1875,0.6400
256,29,0.914062,0.1875,0.6400
256,30,0.976562,0.1875,0.6400
256,31,0.968750,0.1875,0.6400
256,32,0.898438,0.1875,0.6400
256,33,0.968750,0.1875,0.6400
256,34,0.984375,0.1875,0.6400
256,35,0.945312,0.1875,0.6400
256,36,0.992188,0.1875,0.6400
256,37,0.921875,0.1875,0.6400
256,38,0.960938,0.1875,0.6400
256,39,0.968750,0.1875,0.6400
256,40,0.992188,0.1875,0.6400
256,41,0.921875,0.1875,0.6400
256,42,0.914062,0.1875,0.6400
256,43,0.867188,0.1875,0.6400
256,44,0.921875,0.1875,0.6400
256,45,0.968750,0.1875,0.6400
256,46,0.984375,0.1875,0.6400
256,47,0.929688,0.1875,0.6400
256,48,0.968750,0.1875,0.6400
256,49,0.929688,0.1875,0.6400
256,0,0.898438,0.1900,0.5800
256,1,0.984375,0.1900,0.5800
256,2,0.921875,0.1900,0.5800
256,3,0.953125,0.1900,0.5800
256,4,0.984375,0.1900,0.5800
256,5,0.945312,0.1900,0.5800
256,6,0.984375,0.1900,0.5800
256,7,0.968750,0.1900,0.5800
256,8,0.992188,0.1900,0.5800
256,9,0.960938,0.1900,0.5800
256,10,0.960938,0.1900,0.5800
256,11,0.945312,0.1900,0.5800
256,12,0.953125,0.1900,0.5800
256,13,0.921875,0.1900,0.5800
256,14,0.929688,0.1900,0.5800
256,15,0.984375,0.1900,0.5800
256,16,0.921875,0.1900,0.5800
256,17,0.984375,0.1900,0.5800
256,18,0.945312,0.1900,0.5800
256,19,0.984375,0.1900,0.5800
256,20,0.984375,0.1900,0.5800
256,21,1.000000,0.1900,0.5800
256,22,0.882812,0.1900,0.5800
256,23,1.000000,0.1900,0.5800
256,24,0.984375,0.1900,0.5800
256,25,0.976562,0.1900,0.5800
256,26,0.937500,0.1900,0.5800
256,27,0.960938,0.1900,0.5800
256,28,0.992188,0.1900,0.5800
256,29,0.906250,0.1900,0.5800
256,30,0.960938,0.1900,0.5800
256,31,0.968750,0.1900,0.5800
256,32,0.875000,0.1900,0.5800
256,33,0.968750,0.1900,0.5800
256,34,0.984375,0.1900,0.5800
256,35,0.953125,0.1900,0.5800
256,36,0.992188,0.1900,0.5800
256,37,0.921875,0.1900,0.5800
256,38,0.960938,0.1900,0.5800
256,39,0.929688,0.1900,0.5800
256,40,0.937500,0.1900,0.5800
256,41,0.921875,0.1900,0.5800
256,42,0.921875,0.1900,0.5800
256,43,0.851562,0.1900,0.5800
256,44,0.921875,0.1900,0.5800
256,45,0.968750,0.1900,0.5800
256,46,0.976562,0.1900,0.5800
256,47,0.914062,0.1900,0.5800
256,48,0.968750,0.1900,0.5800
256,49,0.921875,0.1900,0.5800
256,0,0.898438,0.1925,0.5800
256,1,0.984375,0.1925,0.5800
256,2,0.921875,0.1925,0.5800
256,3,0.953125,0.1925,0.5800
256,4,0.984375,0.1925,0.5800
256,5,0.945312,0.1925,0.5800
256,6,0.984375,0.1925,0.5800
256,7,0.968750,0.1925,0.5800
256,8,0.992188,0.1925,0.5800
256,9,0.960938,0.1925,0.5800
256,10,0.960938,0.1925,0.5800
256,11,0.945312,0.1925,0.5800
256,12,0.953125,0.1925,0.5800
256,13,0.921875,0.1925,0.5800
256,14,0.929688,0.1925,0.5800
256,15,0.984375,0.1925,0.5800
256,16,0.921875,0.1925,0.5800
256,17,0.984375,0.1925,0.5800
256,18,0.945312,0.1925,0.5800
256,19,0.984375,0.1925,0.5800
256,20,0.984375,0.1925,0.5800
256,21,1.000000,0.1925,0.5800
256,22,0.882812,0.1925,0.5800
256,23,1.000000,0.1925,0.5800
256,24,0.984375,0.1925,0.5800
256,25,0.976562,0.1925,0.5800
256,26,0.937500,0.1925,0.5800
256,27,0.960938,0.1925,0.5800
256,28,0.992188,0.1925,0.5800
256,29,0.906250,0.1925,0.5800
256,30,0.960938,0.1925,0.5800
256,31,0.968750,0.1925,0.5800
256,32,0.875000,0.1925,0.5800
256,33,0.968750,0.1925,0.5800
256,34,0.984375,0.1925,0.5800
256,35,0.953125,0.1925,0.5800
256,36,0.992188,0.1925,0.5800
256,37,0.921875,0.1925,0.5800
256,38,0.960938,0.1925,0.5800
256,39,0.929688,0.1925,0.5800
256,40,0.937500,0.1925,0.5800
256,41,0.921875,0.1925,0.5800
256,42,0.921875,0.1925,0.5800
256,43,0.851562,0.1925,0.5800
256,44,0.921875,0.1925,0.5800
256,45,0.968750,0.1925,0.5800
256,46,0.976562,0.1925,0.5800
256,47,0.914062,0.1925,0.5800
256,48,0.968750,0.1925,0.5800
256,49,0.921875,0.1925,0.5800
256,0,0.921875,0.1950,0.6200
256,1,0.976562,0.1950,0.6200
256,2,0.929688,0.1950,0.6200
256,3,0.968750,0.1950,0.6200
256,4,0.984375,0.1950,0.6200
256,5,0.929688,0.1950,0.6200
256,6,0.984375,0.1950,0.6200
256,7,0.960938,0.1950,0.6200
256,8,1.000000,0.1950,0.6200
256,9,0.968750,0.1950,0.6200
256,10,0.960938,0.1950,0.6200
256,11,0.953125,0.1950,0.6200
256,12,0.976562,0.1950,0.6200
256,13,0.890625,0.1950,0.6200
256,14,0.921875,0.1950,0.6200
256,15,0.976562,0.1950,0.6200
256,16,0.984375,0.1950,0.6200
256,17,0.984375,0.1950,0.6200
256,18,0.953125,0.1950,0.6200
256,19,0.992188,0.1950,0.6200
256,20,0.984375,0.1950,0.6200
256,21,0.984375,0.1950,0.6200
256,22,0.882812,0.1950,0.6200
256,23,1.000000,0.1950,0.6200
256,24,0.984375,0.1950,0.6200
256,25,0.976562,0.1950,0.6200
256,26,0.937500,0.1950,0.6200
256,27,0.937500,0.1950,0.6200
256,28,0.992188,0.1950,0.6200
256,29,0.929688,0.1950,0.6200
256,30,0.976562,0.1950,0.6200
256,31,0.968750,0.1950,0.6200
256,32,0.906250,0.1950,0.6200
256,33,0.953125,0.1950,0.6200
256,34,0.984375,0.1950,0.6200
256,35,0.945312,0.1950,0.6200
256,36,0.992188,0.1950,0.6200
256,37,0.914062,0.1950,0.6200
256,38,0.960938,0.1950,0.6200
256,39,0.937500,0.1950,0.6200
256,40,0.992188,0.1950,0.6200
256,41,0.867188,0.1950,0.6200
256,42,0.921875,0.1950,0.6200
256,43,0.867188,0.1950,0.6200
256,44,0.890625,0.1950,0.6200
256,45,0.953125,0.1950,0.6200
256,46,0.968750,0.1950,0.6200
256,47,0.929688,0.1950,0.6200
256,48,0.968750,0.1950,0.6200
256,49,0.921875,0.1950,0.6200
256,0,0.906250,0.1975,0.5400
256,1,0.984375,0.1975,0.5400
256,2,0.937500,0.1975,0.5400
256,3,0.968750,0.1975,0.5400
256,4,0.968750,0.1975,0.5400
256,5,0.921875,0.1975,0.5400
256,6,0.984375,0.1975,0.5400
256,7,0.968750,0.1975,0.5400
256,8,0.992188,0.1975,0.5400
256,9,0.945312,0.1975,0.5400
256,10,0.937500,0.1975,0.5400
256,11,0.953125,0.1975,0.5400
256,12,0.968750,0.1975,0.5400
256,13,0.890625,0.1975,0.5400
256,14,0.898438,0.1975,0.5400
256,15,0.976562,0.1975,0.5400
256,16,0.968750,0.1975,0.5400
256,17,0.976562,0.1975,0.5400
256,18,0.968750,0.1975,0.5400
256,19,0.992188,0.1975,0.5400
256,20,0.984375,0.1975,0.5400
256,21,0.976562,0.1975,0.5400
256,22,0.867188,0.1975,0.5400
256,23,1.000000,0.1975,0.5400
256,24,0.984375,0.1975,0.5400
256,25,0.968750,0.1975,0.5400
256,26,0.937500,0.1975,0.5400
256,27,0.960938,0.1975,0.5400
256,28,0.976562,0.1975,0.5400
256,29,0.929688,0.1975,0.5400
256,30,0.976562,0.1975,0.5400
256,31,0.976562,0.1975,0.5400
256,32,0.898438,0.1975,0.5400
256,33,0.937500,0.1975,0.5400
256,34,0.968750,0.1975,0.5400
256,35,0.945312,0.1975,0.5400
256,36,0.976562,0.1975,0.5400
256,37,0.937500,0.1975,0.5400
256,38,0.960938,0.1975,0.5400
256,39,0.914062,0.1975,0.5400
256,40,0.937500,0.1975,0.5400
256,41,0.882812,0.1975,0.5400
256,42,0.937500,0.1975,0.5400
256,43,0.859375,0.1975,0.5400
256,44,0.890625,0.1975,0.5400
256,45,0.921875,0.1975,0.5400
256,46,0.968750,0.1975,0.5400
256,47,0.875000,0.1975,0.5400
256,48,0.976562,0.1975,0.5400
256,49,0.921875,0.1975,0.5400
256,0,0.906250,0.2000,0.5400
256,1,0.984375,0.2000,0.5400
256,2,0.937500,0.2000,0.5400
256,3,0.968750,0.2000,0.5400
256,4,0.968750,0.2000,0.5400
256,5,0.921875,0.2000,0.5400
256,6,0.984375,0.2000,0.5400
256,7,0.968750,0.2000,0.5400
256,8,0.992188,0.2000,0.5400
256,9,0.945312,0.2000,0.5400
256,10,0.937500,0.2000,0.5400
256,11,0.953125,0.2000,0.5400
256,12,0.968750,0.2000,0.5400
256,13,0.890625,0.2000,0.5400
256,14,0.898438,0.2000,0.5400
256,15,0.976562,0.2000,0.5400
256,16,0.968750,0.2000,0.5400
256,17,0.976562,0.2000,0.5400
256,18,0.968750,0.2000,0.5400
256,19,0.992188,0.2000,0.5400
256,20,0.984375,0.2000,0.5400
256,21,0.976562,0.2000,0.5400
256,22,0.867188,0.2000,0.5400
256,23,1.000000,0.2000,0.5400
256,24,0.984375,0.2000,0.5400
256,25,0.968750,0.2000,0.5400
256,26,0.937500,0.2000,0.5400
256,27,0.960938,0.2000,0.5400
256,28,0.976562,0.2000,0.5400
256,29,0.929688,0.2000,0.5400
256,30,0.976562,0.2000,0.5400
256,31,0.976562,0.2000,0.5400
256,32,0.898438,0.2000,0.5400
256,33,0.937500,0.2000,0.5400
256,34,0.968750,0.2000,0.5400
256,35,0.945312,0.2000,0.5400
256,36,0.976562,0.2000,0.5400
256,37,0.937500,0.2000,0.5400
256,38,0.960938,0.2000,0.5400
256,39,0.914062,0.2000,0.5400
256,40,0.937500,0.2000,0.5400
256,41,0.882812,0.2000,0.5400
256,42,0.937500,0.2000,0.5400
256,43,0.859375,0.2000,0.5400
256,44,0.890625,0.2000,0.5400
256,45,0.921875,0.2000,0.5400
256,46,0.968750,0.2000,0.5400
256,47,0.875000,0.2000,0.5400
256,48,0.976562,0.2000,0.5400
256,49,0.921875,0.2000,0.5400
256,0,0.960938,0.2025,0.6000
256,1,0.984375,0.2025,0.6000
256,2,0.914062,0.2025,0.6000
256,3,0.968750,0.2025,0.6000
256,4,0.968750,0.2025,0.6000
256,5,0.937500,0.2025,0.6000
256,6,0.984375,0.2025,0.6000
256,7,0.968750,0.2025,0.6000
256,8,0.992188,0.2025,0.6000
256,9,0.953125,0.2025,0.6000
256,10,0.968750,0.2025,0.6000
256,11,0.960938,0.2025,0.6000
256,12,0.953125,0.2025,0.6000
256,13,0.859375,0.2025,0.6000
256,14,0.945312,0.2025,0.6000
256,15,0.976562,0.2025,0.6000
256,16,0.843750,0.2025,0.6000
256,17,0.960938,0.2025,0.6000
256,18,0.960938,0.2025,0.6000
256,19,0.992188,0.2025,0.6000
256,20,0.984375,0.2025,0.6000
256,21,0.984375,0.2025,0.6000
256,22,0.828125,0.2025,0.6000
256,23,1.000000,0.2025,0.6000
256,24,1.000000,0.2025,0.6000
256,25,0.968750,0.2025,0.6000
256,26,0.960938,0.2025,0.6000
256,27,0.945312,0.2025,0.6000
256,28,0.992188,0.2025,0.6000
256,29,0.929688,0.2025,0.6000
256,30,0.953125,0.2025,0.6000
256,31,0.968750,0.2025,0.6000
256,32,0.890625,0.2025,0.6000
256,33,0.937500,0.2025,0.6000
256,34,0.984375,0.2025,0.6000
256,35,0.929688,0.2025,0.6000
256,36,0.968750,0.2025,0.6000
256,37,0.898438,0.2025,0.6000
256,38,0.960938,0.2025,0.6000
256,39,0.906250,0.2025,0.6000
256,40,0.937500,0.2025,0.6000
256,41,0.859375,0.2025,0.6000
256,42,0.906250,0.2025,0.6000
256,43,0.859375,0.2025,0.6000
256,44,0.882812,0.2025,0.6000
256,45,0.968750,0.2025,0.6000
256,46,0.867188,0.2025,0.6000
256,47,0.882812,0.2025,0.6000
256,48,0.968750,0.2025,0.6000
256,49,0.953125,0.2025,0.6000
256,0,0.960938,0.2050,0.6000
256,1,0.984375,0.2050,0.6000
256,2,0.914062,0.2050,0.6000
256,3,0.968750,0.2050,0.6000
256,4,0.968750,0.2050,0.6000
256,5,0.937500,0.2050,0.6000
256,6,0.984375,0.2050,0.6000
256,7,0.968750,0.2050,0.6000
256,8,0.992188,0.2050,0.6000
256,9,0.953125,0.2050,0.6000
256,10,0.968750,0.2050,0.6000
256,11,0.960938,0.2050,0.6000
256,12,0.953125,0.2050,0.6000
256,13,0.859375,0.2050,0.6000
256,14,0.945312,0.2050,0.6000
256,15,0.976562,0.2050,0.6000
256,16,0.843750,0.2050,0.6000
256,17,0.960938,0.2050,0.6000
256,18,0.960938,0.2050,0.6000
256,19,0.992188,0.2050,0.6000
256,20,0.984375,0.2050,0.6000
256,21,0.984375,0.2050,0.6000
256,22,0.828125,0.2050,0.6000
256,23,1.000000,0.2050,0.6000
256,24,1.000000,0.2050,0.6000
256,25,0.968750,0.2050,0.6000
256,26,0.960938,0.2050,0.6000
256,27,0.945312,0.2050,0.6000
256,28,0.992188,0.2050,0.6000
256,29,0.929688,0.2050,0.6000
256,30,0.953125,0.2050,0.6000
256,31,0.968750,0.2050,0.6000
256,32,0.890625,0.2050,0.6000
256,33,0.937500,0.2050,0.6000
256,34,0.984375,0.2050,0.6000
256,35,0.929688,0.2050,0.6000
256,36,0.968750,0.2050,0.6000
256,37,0.898438,0.2050,0.6000
256,38,0.960938,0.2050,0.6000
256,39,0.906250,0.2050,0.6000
256,40,0.937500,0.2050,0.6000
256,41,0.859375,0.2050,0.6000
256,42,0.906250,0.2050,0.6000
256,43,0.859375,0.2050,0.6000
256,44,0.882812,0.2050,0.6000
256,45,0.968750,0.2050,0.6000
256,46,0.867188,0.2050,0.6000
256,47,0.882812,0.2050,0.6000
256,48,0.968750,0.2050,0.6000
256,49,0.953125,0.2050,0.6000
256,0,0.945312,0.2075,0.4600
256,1,0.960938,0.2075,0.4600
256,2,0.898438,0.2075,0.4600
256,3,0.953125,0.2075,0.4600
256,4,0.968750,0.2075,0.4600
256,5,0.921875,0.2075,0.4600
256,6,0.929688,0.2075,0.4600
256,7,0.968750,0.2075,0.4600
256,8,0.976562,0.2075,0.4600
256,9,0.789062,0.2075,0.4600
256,10,0.960938,0.2075,0.4600
256,11,0.960938,0.2075,0.4600
256,12,0.960938,0.2075,0.4600
256,13,0.851562,0.2075,0.4600
256,14,0.921875,0.2075,0.4600
256,15,0.968750,0.2075,0.4600
256,16,0.851562,0.2075,0.4600
256,17,0.976562,0.2075,0.4600
256,18,0.859375,0.2075,0.4600
256,19,0.992188,0.2075,0.4600
256,20,0.976562,0.2075,0.4600
256,21,0.968750,0.2075,0.4600
256,22,0.843750,0.2075,0.4600
256,23,0.992188,0.2075,0.4600
256,24,0.960938,0.2075,0.4600
256,25,0.976562,0.2075,0.4600
256,26,0.960938,0.2075,0.4600
256,27,0.945312,0.2075,0.4600
256,28,0.984375,0.2075,0.4600
256,29,0.921875,0.2075,0.4600
256,30,0.953125,0.2075,0.4600
256,31,0.867188,0.2075,0.4600
256,32,0.890625,0.2075,0.4600
256,33,0.929688,0.2075,0.4600
256,34,0.976562,0.2075,0.4600
256,35,0.929688,0.2075,0.4600
256,36,0.960938,0.2075,0.4600
256,37,0.890625,0.2075,0.4600
256,38,0.960938,0.2075,0.4600
256,39,0.921875,0.2075,0.4600
256,40,0.890625,0.2075,0.4600
256,41,0.875000,0.2075,0.4600
256,42,0.914062,0.2075,0.4600
256,43,0.851562,0.2075,0.4600
256,44,0.859375,0.2075,0.4600
256,45,0.945312,0.2075,0.4600
256,46,0.929688,0.2075,0.4600
256,47,0.914062,0.2075,0.4600
256,48,0.953125,0.2075,0.4600
256,49,0.945312,0.2075,0.4600
1024,0,0.984375,0.1300,1.0000
1024,1,0.998047,0.1300,1.0000
1024,2,0.978516,0.1300,1.0000
1024,3,0.988281,0.1300,1.0000
1024,4,0.984375,0.1300,1.0000
1024,5,0.982422,0.1300,1.0000
1024,6,0.996094,0.1300,1.0000
1024,7,0.986328,0.1300,1.0000
1024,8,0.994141,0.1300,1.0000
1024,9,0.998047,0.1300,1.0000
1024,10,0.994141,0.1300,1.0000
1024,11,0.976562,0.1300,1.0000
1024,12,0.996094,0.1300,1.0000
1024,13,0.994141,0.1300,1.0000
1024,14,0.986328,0.1300,1.0000
1024,15,0.990234,0.1300,1.0000
1024,16,0.978516,0.1300,1.0000
1024,17,0.992188,0.1300,1.0000
1024,18,0.990234,0.1300,1.0000
1024,19,0.976562,0.1300,1.0000
1024,20,0.998047,0.1300,1.0000
1024,21,0.994141,0.1300,1.0000
1024,22,0.994141,0.1300,1.0000
1024,23,0.996094,0.1300,1.0000
1024,24,0.990234,0.1300,1.0000
1024,25,0.994141,0.1300,1.0000
1024,26,0.992188,0.1300,1.0000
1024,27,0.992188,0.1300,1.0000
1024,28,0.998047,0.1300,1.0000
1024,29,1.000000,0.1300,1.0000
1024,30,0.992188,0.1300,1.0000
1024,31,0.994141,0.1300,1.0000
1024,32,0.996094,0.1300,1.0000
1024,33,0.996094,0.1300,1.0000
1024,34,0.992188,0.1300,1.0000
1024,35,0.996094,0.1300,1.0000
1024,36,0.990234,0.1300,1.0000
1024,37,0.982422,0.1300,1.0000
1024,38,0.992188,0.1300,1.0000
1024,39,0.986328,0.1300,1.0000
1024,40,0.992188,0.1300,1.0000
1024,41,1.000000,0.1300,1.0000
1024,42,0.988281,0.1300,1.0000
1024,43,0.984375,0.1300,1.0000
1024,44,0.980469,0.1300,1.0000
1024,45,0.994141,0.1300,1.0000
1024,46,0.994141,0.1300,1.0000
1024,47,0.994141,0.1300,1.0000
1024,48,0.990234,0.1300,1.0000
1024,49,0.992188,0.1300,1.0000
1024,0,0.990234,0.1325,1.0000
1024,1,0.996094,0.1325,1.0000
1024,2,0.980469,0.1325,1.0000
1024,3,0.986328,0.1325,1.0000
1024,4,0.984375,0.1325,1.0000
1024,5,0.988281,0.1325,1.0000
1024,6,0.996094,0.1325,1.0000
1024,7,0.988281,0.1325,1.0000
1024,8,0.990234,0.1325,1.0000
1024,9,0.996094,0.1325,1.0000
1024,10,0.988281,0.1325,1.0000
1024,11,0.984375,0.1325,1.0000
1024,12,0.996094,0.1325,1.0000
1024,13,0.996094,0.1325,1.0000
1024,14,0.984375,0.1325,1.0000
1024,15,0.986328,0.1325,1.0000
1024,16,0.974609,0.1325,1.0000
1024,17,0.990234,0.1325,1.0000
1024,18,0.992188,0.1325,1.0000
1024,19,0.968750,0.1325,1.0000
1024,20,0.988281,0.1325,1.0000
1024,21,0.994141,0.1325,1.0000
1024,22,0.994141,0.1325,1.0000
1024,23,0.996094,0.1325,1.0000
1024,24,0.990234,0.1325,1.0000
1024,25,0.996094,0.1325,1.0000
1024,26,0.986328,0.1325,1.0000
1024,27,0.988281,0.1325,1.0000
1024,28,0.996094,0.1325,1.0000
1024,29,1.000000,0.1325,1.0000
1024,30,0.988281,0.1325,1.0000
1024,31,0.992188,0.1325,1.0000
1024,32,0.996094,0.1325,1.0000
1024,33,0.998047,0.1325,1.0000
1024,34,0.984375,0.1325,1.0000
1024,35,0.998047,0.1325,1.0000
1024,36,0.990234,0.1325,1.0000
1024,37,0.974609,0.1325,1.0000
1024,38,0.992188,0.1325,1.0000
1024,39,0.988281,0.1325,1.0000
1024,40,0.986328,0.1325,1.0000
1024,41,1.000000,0.1325,1.0000
1024,42,0.986328,0.1325,1.0000
1024,43,0.982422,0.1325,1.0000
1024,44,0.982422,0.1325,1.0000
1024,45,0.992188,0.1325,1.0000
1024,46,0.990234,0.1325,1.0000
1024,47,0.992188,0.1325,1.0000
1024,48,0.988281,0.1325,1.0000
1024,49,0.992188,0.1325,1.0000
1024,0,0.992188,0.1350,1.0000
1024,1,0.990234,0.1350,1.0000
1024,2,0.974609,0.1350,1.0000
1024,3,0.988281,0.1350,1.0000
1024,4,0.988281,0.1350,1.0000
1024,5,0.988281,0.1350,1.0000
1024,6,0.988281,0.1350,1.0000
1024,7,0.988281,0.1350,1.0000
1024,8,0.986328,0.1350,1.0000
1024,9,0.998047,0.1350,1.0000
1024,10,0.988281,0.1350,1.0000
1024,11,0.976562,0.1350,1.0000
1024,12,0.996094,0.1350,1.0000
1024,13,0.992188,0.1350,1.0000
1024,14,0.982422,0.1350,1.0000
1024,15,0.988281,0.1350,1.0000
1024,16,0.974609,0.1350,1.0000
1024,17,0.990234,0.1350,1.0000
1024,18,0.996094,0.1350,1.0000
1024,19,0.966797,0.1350,1.0000
1024,20,0.992188,0.1350,1.0000
1024,21,0.992188,0.1350,1.0000
1024,22,0.996094,0.1350,1.0000
1024,23,0.996094,0.1350,1.0000
1024,24,0.990234,0.1350,1.0000
1024,25,0.996094,0.1350,1.0000
1024,26,0.986328,0.1350,1.0000
1024,27,0.988281,0.1350,1.0000
1024,28,0.998047,0.1350,1.0000
1024,29,1.000000,0.1350,1.0000
1024,30,0.980469,0.1350,1.0000
1024,31,0.990234,0.1350,1.0000
1024,32,0.998047,0.1350,1.0000
1024,33,0.998047,0.1350,1.0000
1024,34,0.980469,0.1350,1.0000
1024,35,0.996094,0.1350,1.0000
1024,36,0.968750,0.1350,1.0000
1024,37,0.960938,0.1350,1.0000
1024,38,0.994141,0.1350,1.0000
1024,39,0.988281,0.1350,1.0000
1024,40,0.988281,0.1350,1.0000
1024,41,1.000000,0.1350,1.0000
1024,42,0.988281,0.1350,1.0000
1024,43,0.982422,0.1350,1.0000
1024,44,0.982422,0.1350,1.0000
1024,45,0.994141,0.1350,1.0000
1024,46,0.988281,0.1350,1.0000
1024,47,0.992188,0.1350,1.0000
1024,48,0.992188,0.1350,1.0000
1024,49,0.988281,0.1350,1.0000
1024,0,0.990234,0.1375,1.0000
1024,1,0.990234,0.1375,1.0000
1024,2,0.982422,0.1375,1.0000
1024,3,0.990234,0.1375,1.0000
1024,4,0.980469,0.1375,1.0000
1024,5,0.988281,0.1375,1.0000
1024,6,0.994141,0.1375,1.0000
1024,7,0.988281,0.1375,1.0000
1024,8,0.986328,0.1375,1.0000
1024,9,0.994141,0.1375,1.0000
1024,10,0.986328,0.1375,1.0000
1024,11,0.972656,0.1375,1.0000
1024,12,0.996094,0.1375,1.0000
1024,13,0.988281,0.1375,1.0000
1024,14,0.984375,0.1375,1.0000
1024,15,0.986328,0.1375,1.0000
1024,16,0.968750,0.1375,1.0000
1024,17,0.990234,0.1375,1.0000
1024,18,0.966797,0.1375,1.0000
1024,19,0.966797,0.1375,1.0000
1024,20,0.992188,0.1375,1.0000
1024,21,0.990234,0.1375,1.0000
1024,22,0.996094,0.1375,1.0000
1024,23,0.996094,0.1375,1.0000
1024,24,0.990234,0.1375,1.0000
1024,25,0.994141,0.1375,1.0000
1024,26,0.978516,0.1375,1.0000
1024,27,0.984375,0.1375,1.0000
1024,28,0.996094,0.1375,1.0000
1024,29,0.992188,0.1375,1.0000
1024,30,0.976562,0.1375,1.0000
1024,31,0.988281,0.1375,1.0000
1024,32,0.994141,0.1375,1.0000
1024,33,1.000000,0.1375,1.0000
1024,34,0.986328,0.1375,1.0000
1024,35,0.994141,0.1375,1.0000
1024,36,0.972656,0.1375,1.0000
1024,37,0.958984,0.1375,1.0000
1024,38,0.986328,0.1375,1.0000
1024,39,0.986328,0.1375,1.0000
1024,40,0.990234,0.1375,1.0000
1024,41,0.998047,0.1375,1.0000
1024,42,0.974609,0.1375,1.0000
1024,43,0.976562,0.1375,1.0000
1024,44,0.982422,0.1375,1.0000
1024,45,0.992188,0.1375,1.0000
1024,46,0.988281,0.1375,1.0000
1024,47,0.992188,0.1375,1.0000
1024,48,0.986328,0.1375,1.0000
1024,49,0.980469,0.1375,1.0000
1024,0,0.988281,0.1400,1.0000
1024,1,0.992188,0.1400,1.0000
1024,2,0.984375,0.1400,1.0000
1024,3,0.986328,0.1400,1.0000
1024,4,0.982422,0.1400,1.0000
1024,5,0.972656,0.1400,1.0000
1024,6,0.990234,0.1400,1.0000
1024,7,0.986328,0.1400,1.0000
1024,8,0.984375,0.1400,1.0000
1024,9,0.986328,0.1400,1.0000
1024,10,0.986328,0.1400,1.0000
1024,11,0.974609,0.1400,1.0000
1024,12,0.992188,0.1400,1.0000
1024,13,0.994141,0.1400,1.0000
1024,14,0.982422,0.1400,1.0000
1024,15,0.986328,0.1400,1.0000
1024,16,0.968750,0.1400,1.0000
1024,17,0.990234,0.1400,1.0000
1024,18,0.964844,0.1400,1.0000
1024,19,0.964844,0.1400,1.0000
1024,20,0.992188,0.1400,1.0000
1024,21,0.990234,0.1400,1.0000
1024,22,0.994141,0.1400,1.0000
1024,23,0.996094,0.1400,1.0000
1024,24,0.990234,0.1400,1.0000
1024,25,0.990234,0.1400,1.0000
1024,26,0.978516,0.1400,1.0000
1024,27,0.984375,0.1400,1.0000
1024,28,0.996094,0.1400,1.0000
1024,29,0.990234,0.1400,1.0000
1024,30,0.974609,0.1400,1.0000
1024,31,0.988281,0.1400,1.0000
1024,32,0.990234,0.1400,1.0000
1024,33,1.000000,0.1400,1.0000
1024,34,0.986328,0.1400,1.0000
1024,35,0.990234,0.1400,1.0000
1024,36,0.966797,0.1400,1.0000
1024,37,0.958984,0.1400,1.0000
1024,38,0.978516,0.1400,1.0000
1024,39,0.984375,0.1400,1.0000
1024,40,0.986328,0.1400,1.0000
1024,41,0.998047,0.1400,1.0000
1024,42,0.974609,0.1400,1.0000
1024,43,0.978516,0.1400,1.0000
1024,44,0.988281,0.1400,1.0000
1024,45,0.992188,0.1400,1.0000
1024,46,0.982422,0.1400,1.0000
1024,47,0.990234,0.1400,1.0000
1024,48,0.988281,0.1400,1.0000
1024,49,0.984375,0.1400,1.0000
1024,0,0.984375,0.1425,1.0000
1024,1,0.990234,0.1425,1.0000
1024,2,0.978516,0.1425,1.0000
1024,3,0.984375,0.1425,1.0000
1024,4,0.978516,0.1425,1.0000
1024,5,0.974609,0.1425,1.0000
1024,6,0.992188,0.1425,1.0000
1024,7,0.982422,0.1425,1.0000
1024,8,0.972656,0.1425,1.0000
1024,9,0.988281,0.1425,1.0000
1024,10,0.988281,0.1425,1.0000
1024,11,0.976562,0.1425,1.0000
1024,12,0.996094,0.1425,1.0000
1024,13,0.986328,0.1425,1.0000
1024,14,0.978516,0.1425,1.0000
1024,15,0.982422,0.1425,1.0000
1024,16,0.966797,0.1425,1.0000
1024,17,0.980469,0.1425,1.0000
1024,18,0.962891,0.1425,1.0000
1024,19,0.962891,0.1425,1.0000
1024,20,0.988281,0.1425,1.0000
1024,21,0.990234,0.1425,1.0000
1024,22,0.992188,0.1425,1.0000
1024,23,0.998047,0.1425,1.0000
1024,24,0.990234,0.1425,1.0000
1024,25,0.992188,0.1425,1.0000
1024,26,0.976562,0.1425,1.0000
1024,27,0.984375,0.1425,1.0000
1024,28,0.996094,0.1425,1.0000
1024,29,0.992188,0.1425,1.0000
1024,30,0.978516,0.1425,1.0000
1024,31,0.988281,0.1425,1.0000
1024,32,0.990234,0.1425,1.0000
1024,33,0.998047,0.1425,1.0000
1024,34,0.988281,0.1425,1.0000
1024,35,0.988281,0.1425,1.0000
1024,36,0.966797,0.1425,1.0000
1024,37,0.964844,0.1425,1.0000
1024,38,0.974609,0.1425,1.0000
1024,39,0.990234,0.1425,1.0000
1024,40,0.986328,0.1425,1.0000
1024,41,1.000000,0.1425,1.0000
1024,42,0.974609,0.1425,1.0000
1024,43,0.966797,0.1425,1.0000
1024,44,0.988281,0.1425,1.0000
1024,45,0.992188,0.1425,1.0000
1024,46,0.982422,0.1425,1.0000
1024,47,0.994141,0.1425,1.0000
1024,48,0.992188,0.1425,1.0000
1024,49,0.951172,0.1425,1.0000
1024,0,0.980469,0.1450,1.0000
1024,1,0.990234,0.1450,1.0000
1024,2,0.982422,0.1450,1.0000
1024,3,0.984375,0.1450,1.0000
1024,4,0.970703,0.1450,1.0000
1024,5,0.974609,0.1450,1.0000
1024,6,0.990234,0.1450,1.0000
1024,7,0.982422,0.1450,1.0000
1024,8,0.980469,0.1450,1.0000
1024,9,0.986328,0.1450,1.0000
1024,10,0.992188,0.1450,1.0000
1024,11,0.970703,0.1450,1.0000
1024,12,0.996094,0.1450,1.0000
1024,13,0.980469,0.1450,1.0000
1024,14,0.982422,0.1450,1.0000
1024,15,0.978516,0.1450,1.0000
1024,16,0.968750,0.1450,1.0000
1024,17,0.988281,0.1450,1.0000
1024,18,0.958984,0.1450,1.0000
1024,19,0.964844,0.1450,1.0000
1024,20,0.988281,0.1450,1.0000
1024,21,0.990234,0.1450,1.0000
1024,22,0.992188,0.1450,1.0000
1024,23,0.998047,0.1450,1.0000
1024,24,0.990234,0.1450,1.0000
1024,25,0.992188,0.1450,1.0000
1024,26,0.980469,0.1450,1.0000
1024,27,0.984375,0.1450,1.0000
1024,28,0.990234,0.1450,1.0000
1024,29,0.994141,0.1450,1.0000
1024,30,0.976562,0.1450,1.0000
1024,31,0.988281,0.1450,1.0000
1024,32,0.986328,0.1450,1.0000
1024,33,0.998047,0.1450,1.0000
1024,34,0.988281,0.1450,1.0000
1024,35,0.984375,0.1450,1.0000
1024,36,0.966797,0.1450,1.0000
1024,37,0.966797,0.1450,1.0000
1024,38,0.974609,0.1450,1.0000
1024,39,0.984375,0.1450,1.0000
1024,40,0.988281,0.1450,1.0000
1024,41,0.998047,0.1450,1.0000
1024,42,0.974609,0.1450,1.0000
1024,43,0.974609,0.1450,1.0000
1024,44,0.988281,0.1450,1.0000
1024,45,0.992188,0.1450,1.0000
1024,46,0.976562,0.1450,1.0000
1024,47,0.986328,0.1450,1.0000
1024,48,0.990234,0.1450,1.0000
1024,49,0.955078,0.1450,1.0000
1024,0,0.964844,0.1475,1.0000
1024,1,0.986328,0.1475,1.0000
1024,2,0.960938,0.1475,1.0000
1024,3,0.972656,0.1475,1.0000
1024,4,0.964844,0.1475,1.0000
1024,5,0.976562,0.1475,1.0000
1024,6,0.990234,0.1475,1.0000
1024,7,0.984375,0.1475,1.0000
1024,8,0.980469,0.1475,1.0000
1024,9,0.986328,0.1475,1.0000
1024,10,0.986328,0.1475,1.0000
1024,11,0.978516,0.1475,1.0000
1024,12,0.994141,0.1475,1.0000
1024,13,0.970703,0.1475,1.0000
1024,14,0.976562,0.1475,1.0000
1024,15,0.978516,0.1475,1.0000
1024,16,0.970703,0.1475,1.0000
1024,17,0.988281,0.1475,1.0000
1024,18,0.966797,0.1475,1.0000
1024,19,0.953125,0.1475,1.0000
1024,20,0.994141,0.1475,1.0000
1024,21,0.992188,0.1475,1.0000
1024,22,0.990234,0.1475,1.0000
1024,23,0.990234,0.1475,1.0000
1024,24,0.992188,0.1475,1.0000
1024,25,0.996094,0.1475,1.0000
1024,26,0.976562,0.1475,1.0000
1024,27,0.984375,0.1475,1.0000
1024,28,0.990234,0.1475,1.0000
1024,29,0.986328,0.1475,1.0000
1024,30,0.976562,0.1475,1.0000
1024,31,0.988281,0.1475,1.0000
1024,32,0.984375,0.1475,1.0000
1024,33,1.000000,0.1475,1.0000
1024,34,0.984375,0.1475,1.0000
1024,35,0.990234,0.1475,1.0000
1024,36,0.966797,0.1475,1.0000
1024,37,0.968750,0.1475,1.0000
1024,38,0.968750,0.1475,1.0000
1024,39,0.984375,0.1475,1.0000
1024,40,0.970703,0.1475,1.0000
1024,41,0.996094,0.1475,1.0000
1024,42,0.974609,0.1475,1.0000
1024,43,0.968750,0.1475,1.0000
1024,44,0.984375,0.1475,1.0000
1024,45,0.984375,0.1475,1.0000
1024,46,0.980469,0.1475,1.0000
1024,47,0.988281,0.1475,1.0000
1024,48,0.986328,0.1475,1.0000
1024,49,0.960938,0.1475,1.0000
1024,0,0.966797,0.1500,1.0000
1024,1,0.986328,0.1500,1.0000
1024,2,0.970703,0.1500,1.0000
1024,3,0.964844,0.1500,1.0000
1024,4,0.953125,0.1500,1.0000
1024,5,0.970703,0.1500,1.0000
1024,6,0.992188,0.1500,1.0000
1024,7,0.984375,0.1500,1.0000
1024,8,0.980469,0.1500,1.0000
1024,9,0.988281,0.1500,1.0000
1024,10,0.978516,0.1500,1.0000
1024,11,0.972656,0.1500,1.0000
1024,12,0.994141,0.1500,1.0000
1024,13,0.980469,0.1500,1.0000
1024,14,0.974609,0.1500,1.0000
1024,15,0.976562,0.1500,1.0000
1024,16,0.964844,0.1500,1.0000
1024,17,0.982422,0.1500,1.0000
1024,18,0.962891,0.1500,1.0000
1024,19,0.958984,0.1500,1.0000
1024,20,0.990234,0.1500,1.0000
1024,21,0.994141,0.1500,1.0000
1024,22,0.994141,0.1500,1.0000
1024,23,0.990234,0.1500,1.0000
1024,24,0.992188,0.1500,1.0000
1024,25,0.996094,0.1500,1.0000
1024,26,0.974609,0.1500,1.0000
1024,27,0.986328,0.1500,1.0000
1024,28,0.988281,0.1500,1.0000
1024,29,0.988281,0.1500,1.0000
1024,30,0.968750,0.1500,1.0000
1024,31,0.988281,0.1500,1.0000
1024,32,0.976562,0.1500,1.0000
1024,33,1.000000,0.1500,1.0000
1024,34,0.982422,0.1500,1.0000
1024,35,0.984375,0.1500,1.0000
1024,36,0.960938,0.1500,1.0000
1024,37,0.968750,0.1500,1.0000
1024,38,0.966797,0.1500,1.0000
1024,39,0.982422,0.1500,1.0000
1024,40,0.964844,0.1500,1.0000
1024,41,1.000000,0.1500,1.0000
1024,42,0.976562,0.1500,1.0000
1024,43,0.968750,0.1500,1.0000
1024,44,0.986328,0.1500,1.0000
1024,45,0.988281,0.1500,1.0000
1024,46,0.962891,0.1500,1.0000
1024,47,0.986328,0.1500,1.0000
1024,48,0.986328,0.1500,1.0000
1024,49,0.953125,0.1500,1.0000
1024,0,0.964844,0.1525,1.0000
1024,1,0.986328,0.1525,1.0000
1024,2,0.957031,0.1525,1.0000
1024,3,0.958984,0.1525,1.0000
1024,4,0.960938,0.1525,1.0000
1024,5,0.970703,0.1525,1.0000
1024,6,0.990234,0.1525,1.0000
1024,7,0.986328,0.1525,1.0000
1024,8,0.978516,0.1525,1.0000
1024,9,0.986328,0.1525,1.0000
1024,10,0.976562,0.1525,1.0000
1024,11,0.972656,0.1525,1.0000
1024,12,0.990234,0.1525,1.0000
1024,13,0.980469,0.1525,1.0000
1024,14,0.974609,0.1525,1.0000
1024,15,0.972656,0.1525,1.0000
1024,16,0.968750,0.1525,1.0000
1024,17,0.982422,0.1525,1.0000
1024,18,0.966797,0.1525,1.0000
1024,19,0.957031,0.1525,1.0000
1024,20,0.990234,0.1525,1.0000
1024,21,0.984375,0.1525,1.0000
1024,22,0.992188,0.1525,1.0000
1024,23,0.988281,0.1525,1.0000
1024,24,0.992188,0.1525,1.0000
1024,25,0.996094,0.1525,1.0000
1024,26,0.974609,0.1525,1.0000
1024,27,0.988281,0.1525,1.0000
1024,28,0.996094,0.1525,1.0000
1024,29,0.986328,0.1525,1.0000
1024,30,0.960938,0.1525,1.0000
1024,31,0.980469,0.1525,1.0000
1024,32,0.974609,0.1525,1.0000
1024,33,1.000000,0.1525,1.0000
1024,34,0.978516,0.1525,1.0000
1024,35,0.982422,0.1525,1.0000
1024,36,0.964844,0.1525,1.0000
1024,37,0.964844,0.1525,1.0000
1024,38,0.968750,0.1525,1.0000
1024,39,0.980469,0.1525,1.0000
1024,40,0.964844,0.1525,1.0000
1024,41,0.998047,0.1525,1.0000
1024,42,0.974609,0.1525,1.0000
1024,43,0.964844,0.1525,1.0000
1024,44,0.988281,0.1525,1.0000
1024,45,0.992188,0.1525,1.0000
1024,46,0.966797,0.1525,1.0000
1024,47,0.984375,0.1525,1.0000
1024,48,0.986328,0.1525,1.0000
1024,49,0.962891,0.1525,1.0000
1024,0,0.958984,0.1550,1.0000
1024,1,0.986328,0.1550,1.0000
1024,2,0.966797,0.1550,1.0000
1024,3,0.958984,0.1550,1.0000
1024,4,0.951172,0.1550,1.0000
1024,5,0.970703,0.1550,1.0000
1024,6,0.990234,0.1550,1.0000
1024,7,0.978516,0.1550,1.0000
1024,8,0.986328,0.1550,1.0000
1024,9,0.984375,0.1550,1.0000
1024,10,0.982422,0.1550,1.0000
1024,11,0.970703,0.1550,1.0000
1024,12,0.988281,0.1550,1.0000
1024,13,0.980469,0.1550,1.0000
1024,14,0.970703,0.1550,1.0000
1024,15,0.966797,0.1550,1.0000
1024,16,0.966797,0.1550,1.0000
1024,17,0.976562,0.1550,1.0000
1024,18,0.964844,0.1550,1.0000
1024,19,0.953125,0.1550,1.0000
1024,20,0.988281,0.1550,1.0000
1024,21,0.990234,0.1550,1.0000
1024,22,0.988281,0.1550,1.0000
1024,23,0.984375,0.1550,1.0000
1024,24,0.992188,0.1550,1.0000
1024,25,0.996094,0.1550,1.0000
1024,26,0.972656,0.1550,1.0000
1024,27,0.980469,0.1550,1.0000
1024,28,0.992188,0.1550,1.0000
1024,29,0.982422,0.1550,1.0000
1024,30,0.962891,0.1550,1.0000
1024,31,0.976562,0.1550,1.0000
1024,32,0.976562,0.1550,1.0000
1024,33,0.996094,0.1550,1.0000
1024,34,0.974609,0.1550,1.0000
1024,35,0.974609,0.1550,1.0000
1024,36,0.966797,0.1550,1.0000
1024,37,0.968750,0.1550,1.0000
1024,38,0.960938,0.1550,1.0000
1024,39,0.982422,0.1550,1.0000
1024,40,0.951172,0.1550,1.0000
1024,41,0.998047,0.1550,1.0000
1024,42,0.980469,0.1550,1.0000
1024,43,0.953125,0.1550,1.0000
1024,44,0.984375,0.1550,1.0000
1024,45,0.992188,0.1550,1.0000
1024,46,0.960938,0.1550,1.0000
1024,47,0.986328,0.1550,1.0000
1024,48,0.984375,0.1550,1.0000
1024,49,0.964844,0.1550,1.0000
1024,0,0.949219,0.1575,0.9600
1024,1,0.990234,0.1575,0.9600
1024,2,0.972656,0.1575,0.9600
1024,3,0.958984,0.1575,0.9600
1024,4,0.953125,0.1575,0.9600
1024,5,0.972656,0.1575,0.9600
1024,6,0.988281,0.1575,0.9600
1024,7,0.976562,0.1575,0.9600
1024,8,0.982422,0.1575,0.9600
1024,9,0.984375,0.1575,0.9600
1024,10,0.982422,0.1575,0.9600
1024,11,0.968750,0.1575,0.9600
1024,12,0.988281,0.1575,0.9600
1024,13,0.978516,0.1575,0.9600
1024,14,0.970703,0.1575,0.9600
1024,15,0.962891,0.1575,0.9600
1024,16,0.968750,0.1575,0.9600
1024,17,0.972656,0.1575,0.9600
1024,18,0.960938,0.1575,0.9600
1024,19,0.941406,0.1575,0.9600
1024,20,0.986328,0.1575,0.9600
1024,21,0.982422,0.1575,0.9600
1024,22,0.988281,0.1575,0.9600
1024,23,0.988281,0.1575,0.9600
1024,24,0.992188,0.1575,0.9600
1024,25,0.990234,0.1575,0.9600
1024,26,0.970703,0.1575,0.9600
1024,27,0.978516,0.1575,0.9600
1024,28,0.990234,0.1575,0.9600
1024,29,0.986328,0.1575,0.9600
1024,30,0.962891,0.1575,0.9600
1024,31,0.968750,0.1575,0.9600
1024,32,0.980469,0.1575,0.9600
1024,33,0.992188,0.1575,0.9600
1024,34,0.978516,0.1575,0.9600
1024,35,0.980469,0.1575,0.9600
1024,36,0.953125,0.1575,0.9600
1024,37,0.972656,0.1575,0.9600
1024,38,0.968750,0.1575,0.9600
1024,39,0.982422,0.1575,0.9600
1024,40,0.953125,0.1575,0.9600
1024,41,0.998047,0.1575,0.9600
1024,42,0.974609,0.1575,0.9600
1024,43,0.953125,0.1575,0.9600
1024,44,0.984375,0.1575,0.9600
1024,45,0.988281,0.1575,0.9600
1024,46,0.970703,0.1575,0.9600
1024,47,0.970703,0.1575,0.9600
1024,48,0.982422,0.1575,0.9600
1024,49,0.962891,0.1575,0.9600
1024,0,0.957031,0.1600,0.9600
1024,1,0.988281,0.1600,0.9600
1024,2,0.968750,0.1600,0.9600
1024,3,0.960938,0.1600,0.9600
1024,4,0.957031,0.1600,0.9600
1024,5,0.976562,0.1600,0.9600
1024,6,0.982422,0.1600,0.9600
1024,7,0.976562,0.1600,0.9600
1024,8,0.982422,0.1600,0.9600
1024,9,0.978516,0.1600,0.9600
1024,10,0.984375,0.1600,0.9600
1024,11,0.978516,0.1600,0.9600
1024,12,0.986328,0.1600,0.9600
1024,13,0.964844,0.1600,0.9600
1024,14,0.974609,0.1600,0.9600
1024,15,0.976562,0.1600,0.9600
1024,16,0.962891,0.1600,0.9600
1024,17,0.980469,0.1600,0.9600
1024,18,0.960938,0.1600,0.9600
1024,19,0.943359,0.1600,0.9600
1024,20,0.986328,0.1600,0.9600
1024,21,0.964844,0.1600,0.9600
1024,22,0.984375,0.1600,0.9600
1024,23,0.984375,0.1600,0.9600
1024,24,0.990234,0.1600,0.9600
1024,25,0.992188,0.1600,0.9600
1024,26,0.968750,0.1600,0.9600
1024,27,0.966797,0.1600,0.9600
1024,28,0.984375,0.1600,0.9600
1024,29,0.984375,0.1600,0.9600
1024,30,0.968750,0.1600,0.9600
1024,31,0.968750,0.1600,0.9600
1024,32,0.978516,0.1600,0.9600
1024,33,0.990234,0.1600,0.9600
1024,34,0.974609,0.1600,0.9600
1024,35,0.976562,0.1600,0.9600
1024,36,0.970703,0.1600,0.9600
1024,37,0.970703,0.1600,0.9600
1024,38,0.966797,0.1600,0.9600
1024,39,0.976562,0.1600,0.9600
1024,40,0.958984,0.1600,0.9600
1024,41,0.996094,0.1600,0.9600
1024,42,0.976562,0.1600,0.9600
1024,43,0.957031,0.1600,0.9600
1024,44,0.974609,0.1600,0.9600
1024,45,0.986328,0.1600,0.9600
1024,46,0.968750,0.1600,0.9600
1024,47,0.978516,0.1600,0.9600
1024,48,0.982422,0.1600,0.9600
1024,49,0.949219,0.1600,0.9600
1024,0,0.943359,0.1625,0.9400
1024,1,0.984375,0.1625,0.9400
1024,2,0.958984,0.1625,0.9400
1024,3,0.958984,0.1625,0.9400
1024,4,0.958984,0.1625,0.9400
1024,5,0.972656,0.1625,0.9400
1024,6,0.980469,0.1625,0.9400
1024,7,0.978516,0.1625,0.9400
1024,8,0.976562,0.1625,0.9400
1024,9,0.984375,0.1625,0.9400
1024,10,0.978516,0.1625,0.9400
1024,11,0.976562,0.1625,0.9400
1024,12,0.982422,0.1625,0.9400
1024,13,0.980469,0.1625,0.9400
1024,14,0.966797,0.1625,0.9400
1024,15,0.970703,0.1625,0.9400
1024,16,0.960938,0.1625,0.9400
1024,17,0.972656,0.1625,0.9400
1024,18,0.958984,0.1625,0.9400
1024,19,0.927734,0.1625,0.9400
1024,20,0.982422,0.1625,0.9400
1024,21,0.978516,0.1625,0.9400
1024,22,0.982422,0.1625,0.9400
1024,23,0.984375,0.1625,0.9400
1024,24,0.988281,0.1625,0.9400
1024,25,0.990234,0.1625,0.9400
1024,26,0.968750,0.1625,0.9400
1024,27,0.966797,0.1625,0.9400
1024,28,0.982422,0.1625,0.9400
1024,29,0.986328,0.1625,0.9400
1024,30,0.970703,0.1625,0.9400
1024,31,0.966797,0.1625,0.9400
1024,32,0.974609,0.1625,0.9400
1024,33,0.984375,0.1625,0.9400
1024,34,0.964844,0.1625,0.9400
1024,35,0.978516,0.1625,0.9400
1024,36,0.966797,0.1625,0.9400
1024,37,0.960938,0.1625,0.9400
1024,38,0.960938,0.1625,0.9400
1024,39,0.974609,0.1625,0.9400
1024,40,0.960938,0.1625,0.9400
1024,41,0.998047,0.1625,0.9400
1024,42,0.972656,0.1625,0.9400
1024,43,0.953125,0.1625,0.9400
1024,44,0.972656,0.1625,0.9400
1024,45,0.986328,0.1625,0.9400
1024,46,0.953125,0.1625,0.9400
1024,47,0.974609,0.1625,0.9400
1024,48,0.972656,0.1625,0.9400
1024,49,0.949219,0.1625,0.9400
1024,0,0.943359,0.1650,0.9000
1024,1,0.984375,0.1650,0.9000
1024,2,0.960938,0.1650,0.9000
1024,3,0.962891,0.1650,0.9000
1024,4,0.957031,0.1650,0.9000
1024,5,0.966797,0.1650,0.9000
1024,6,0.978516,0.1650,0.9000
1024,7,0.982422,0.1650,0.9000
1024,8,0.978516,0.1650,0.9000
1024,9,0.984375,0.1650,0.9000
1024,10,0.968750,0.1650,0.9000
1024,11,0.972656,0.1650,0.9000
1024,12,0.974609,0.1650,0.9000
1024,13,0.951172,0.1650,0.9000
1024,14,0.974609,0.1650,0.9000
1024,15,0.974609,0.1650,0.9000
1024,16,0.960938,0.1650,0.9000
1024,17,0.964844,0.1650,0.9000
1024,18,0.957031,0.1650,0.9000
1024,19,0.931641,0.1650,0.9000
1024,20,0.980469,0.1650,0.9000
1024,21,0.966797,0.1650,0.9000
1024,22,0.974609,0.1650,0.9000
1024,23,0.974609,0.1650,0.9000
1024,24,0.990234,0.1650,0.9000
1024,25,0.986328,0.1650,0.9000
1024,26,0.968750,0.1650,0.9000
1024,27,0.968750,0.1650,0.9000
1024,28,0.986328,0.1650,0.9000
1024,29,0.984375,0.1650,0.9000
1024,30,0.966797,0.1650,0.9000
1024,31,0.962891,0.1650,0.9000
1024,32,0.970703,0.1650,0.9000
1024,33,0.984375,0.1650,0.9000
1024,34,0.957031,0.1650,0.9000
1024,35,0.966797,0.1650,0.9000
1024,36,0.964844,0.1650,0.9000
1024,37,0.964844,0.1650,0.9000
1024,38,0.968750,0.1650,0.9000
1024,39,0.976562,0.1650,0.9000
1024,40,0.937500,0.1650,0.9000
1024,41,0.998047,0.1650,0.9000
1024,42,0.976562,0.1650,0.9000
1024,43,0.947266,0.1650,0.9000
1024,44,0.974609,0.1650,0.9000
1024,45,0.980469,0.1650,0.9000
1024,46,0.962891,0.1650,0.9000
1024,47,0.972656,0.1650,0.9000
1024,48,0.974609,0.1650,0.9000
1024,49,0.949219,0.1650,0.9000
1024,0,0.943359,0.1675,0.8600
1024,1,0.978516,0.1675,0.8600
1024,2,0.960938,0.1675,0.8600
1024,3,0.962891,0.1675,0.8600
1024,4,0.957031,0.1675,0.8600
1024,5,0.960938,0.1675,0.8600
1024,6,0.976562,0.1675,0.8600
1024,7,0.978516,0.1675,0.8600
1024,8,0.978516,0.1675,0.8600
1024,9,0.972656,0.1675,0.8600
1024,10,0.968750,0.1675,0.8600
1024,11,0.972656,0.1675,0.8600
1024,12,0.972656,0.1675,0.8600
1024,13,0.949219,0.1675,0.8600
1024,14,0.974609,0.1675,0.8600
1024,15,0.970703,0.1675,0.8600
1024,16,0.958984,0.1675,0.8600
1024,17,0.968750,0.1675,0.8600
1024,18,0.953125,0.1675,0.8600
1024,19,0.931641,0.1675,0.8600
1024,20,0.978516,0.1675,0.8600
1024,21,0.970703,0.1675,0.8600
1024,22,0.980469,0.1675,0.8600
1024,23,0.974609,0.1675,0.8600
1024,24,0.984375,0.1675,0.8600
1024,25,0.988281,0.1675,0.8600
1024,26,0.976562,0.1675,0.8600
1024,27,0.972656,0.1675,0.8600
1024,28,0.976562,0.1675,0.8600
1024,29,0.976562,0.1675,0.8600
1024,30,0.960938,0.1675,0.8600
1024,31,0.964844,0.1675,0.8600
1024,32,0.974609,0.1675,0.8600
1024,33,0.984375,0.1675,0.8600
1024,34,0.957031,0.1675,0.8600
1024,35,0.964844,0.1675,0.8600
1024,36,0.960938,0.1675,0.8600
1024,37,0.947266,0.1675,0.8600
1024,38,0.968750,0.1675,0.8600
1024,39,0.970703,0.1675,0.8600
1024,40,0.945312,0.1675,0.8600
1024,41,0.992188,0.1675,0.8600
1024,42,0.970703,0.1675,0.8600
1024,43,0.947266,0.1675,0.8600
1024,44,0.964844,0.1675,0.8600
1024,45,0.982422,0.1675,0.8600
1024,46,0.970703,0.1675,0.8600
1024,47,0.962891,0.1675,0.8600
1024,48,0.974609,0.1675,0.8600
1024,49,0.943359,0.1675,0.8600
1024,0,0.951172,0.1700,0.8600
1024,1,0.980469,0.1700,0.8600
1024,2,0.964844,0.1700,0.8600
1024,3,0.964844,0.1700,0.8600
1024,4,0.957031,0.1700,0.8600
1024,5,0.968750,0.1700,0.8600
1024,6,0.974609,0.1700,0.8600
1024,7,0.974609,0.1700,0.8600
1024,8,0.976562,0.1700,0.8600
1024,9,0.972656,0.1700,0.8600
1024,10,0.968750,0.1700,0.8600
1024,11,0.970703,0.1700,0.8600
1024,12,0.976562,0.1700,0.8600
1024,13,0.949219,0.1700,0.8600
1024,14,0.962891,0.1700,0.8600
1024,15,0.970703,0.1700,0.8600
1024,16,0.949219,0.1700,0.8600
1024,17,0.955078,0.1700,0.8600
1024,18,0.951172,0.1700,0.8600
1024,19,0.933594,0.1700,0.8600
1024,20,0.982422,0.1700,0.8600
1024,21,0.962891,0.1700,0.8600
1024,22,0.978516,0.1700,0.8600
1024,23,0.978516,0.1700,0.8600
1024,24,0.980469,0.1700,0.8600
1024,25,0.988281,0.1700,0.8600
1024,26,0.974609,0.1700,0.8600
1024,27,0.974609,0.1700,0.8600
1024,28,0.976562,0.1700,0.8600
1024,29,0.972656,0.1700,0.8600
1024,30,0.957031,0.1700,0.8600
1024,31,0.962891,0.1700,0.8600
1024,32,0.970703,0.1700,0.8600
1024,33,0.986328,0.1700,0.8600
1024,34,0.953125,0.1700,0.8600
1024,35,0.964844,0.1700,0.8600
1024,36,0.949219,0.1700,0.8600
1024,37,0.949219,0.1700,0.8600
1024,38,0.970703,0.1700,0.8600
1024,39,0.968750,0.1700,0.8600
1024,40,0.947266,0.1700,0.8600
1024,41,0.992188,0.1700,0.8600
1024,42,0.966797,0.1700,0.8600
1024,43,0.953125,0.1700,0.8600
1024,44,0.970703,0.1700,0.8600
1024,45,0.978516,0.1700,0.8600
1024,46,0.972656,0.1700,0.8600
1024,47,0.966797,0.1700,0.8600
1024,48,0.970703,0.1700,0.8600
1024,49,0.941406,0.1700,0.8600
1024,0,0.955078,0.1725,0.8400
1024,1,0.980469,0.1725,0.8400
1024,2,0.962891,0.1725,0.8400
1024,3,0.960938,0.1725,0.8400
1024,4,0.947266,0.1725,0.8400
1024,5,0.966797,0.1725,0.8400
1024,6,0.972656,0.1725,0.8400
1024,7,0.964844,0.1725,0.8400
1024,8,0.980469,0.1725,0.8400
1024,9,0.958984,0.1725,0.8400
1024,10,0.964844,0.1725,0.8400
1024,11,0.966797,0.1725,0.8400
1024,12,0.968750,0.1725,0.8400
1024,13,0.945312,0.1725,0.8400
1024,14,0.953125,0.1725,0.8400
1024,15,0.968750,0.1725,0.8400
1024,16,0.947266,0.1725,0.8400
1024,17,0.957031,0.1725,0.8400
1024,18,0.957031,0.1725,0.8400
1024,19,0.927734,0.1725,0.8400
1024,20,0.984375,0.1725,0.8400
1024,21,0.964844,0.1725,0.8400
1024,22,0.972656,0.1725,0.8400
1024,23,0.974609,0.1725,0.8400
1024,24,0.980469,0.1725,0.8400
1024,25,0.986328,0.1725,0.8400
1024,26,0.972656,0.1725,0.8400
1024,27,0.972656,0.1725,0.8400
1024,28,0.976562,0.1725,0.8400
1024,29,0.974609,0.1725,0.8400
1024,30,0.951172,0.1725,0.8400
1024,31,0.958984,0.1725,0.8400
1024,32,0.962891,0.1725,0.8400
1024,33,0.968750,0.1725,0.8400
1024,34,0.960938,0.1725,0.8400
1024,35,0.966797,0.1725,0.8400
1024,36,0.939453,0.1725,0.8400
1024,37,0.957031,0.1725,0.8400
1024,38,0.964844,0.1725,0.8400
1024,39,0.968750,0.1725,0.8400
1024,40,0.937500,0.1725,0.8400
1024,41,0.990234,0.1725,0.8400
1024,42,0.964844,0.1725,0.8400
1024,43,0.943359,0.1725,0.8400
1024,44,0.945312,0.1725,0.8400
1024,45,0.978516,0.1725,0.8400
1024,46,0.972656,0.1725,0.8400
1024,47,0.968750,0.1725,0.8400
1024,48,0.970703,0.1725,0.8400
1024,49,0.958984,0.1725,0.8400
1024,0,0.958984,0.1750,0.8000
1024,1,0.976562,0.1750,0.8000
1024,2,0.957031,0.1750,0.8000
1024,3,0.958984,0.1750,0.8000
1024,4,0.949219,0.1750,0.8000
1024,5,0.957031,0.1750,0.8000
1024,6,0.964844,0.1750,0.8000
1024,7,0.958984,0.1750,0.8000
1024,8,0.972656,0.1750,0.8000
1024,9,0.974609,0.1750,0.8000
1024,10,0.968750,0.1750,0.8000
1024,11,0.964844,0.1750,0.8000
1024,12,0.976562,0.1750,0.8000
1024,13,0.945312,0.1750,0.8000
1024,14,0.945312,0.1750,0.8000
1024,15,0.964844,0.1750,0.8000
1024,16,0.947266,0.1750,0.8000
1024,17,0.966797,0.1750,0.8000
1024,18,0.957031,0.1750,0.8000
1024,19,0.947266,0.1750,0.8000
1024,20,0.970703,0.1750,0.8000
1024,21,0.964844,0.1750,0.8000
1024,22,0.978516,0.1750,0.8000
1024,23,0.974609,0.1750,0.8000
1024,24,0.982422,0.1750,0.8000
1024,25,0.988281,0.1750,0.8000
1024,26,0.960938,0.1750,0.8000
1024,27,0.970703,0.1750,0.8000
1024,28,0.974609,0.1750,0.8000
1024,29,0.968750,0.1750,0.8000
1024,30,0.951172,0.1750,0.8000
1024,31,0.953125,0.1750,0.8000
1024,32,0.972656,0.1750,0.8000
1024,33,0.955078,0.1750,0.8000
1024,34,0.957031,0.1750,0.8000
1024,35,0.962891,0.1750,0.8000
1024,36,0.927734,0.1750,0.8000
1024,37,0.951172,0.1750,0.8000
1024,38,0.960938,0.1750,0.8000
1024,39,0.964844,0.1750,0.8000
1024,40,0.921875,0.1750,0.8000
1024,41,0.988281,0.1750,0.8000
1024,42,0.966797,0.1750,0.8000
1024,43,0.947266,0.1750,0.8000
1024,44,0.949219,0.1750,0.8000
1024,45,0.978516,0.1750,0.8000
1024,46,0.960938,0.1750,0.8000
1024,47,0.960938,0.1750,0.8000
1024,48,0.958984,0.1750,0.8000
1024,49,0.917969,0.1750,0.8000
1024,0,0.955078,0.1775,0.7400
1024,1,0.974609,0.1775,0.7400
1024,2,0.953125,0.1775,0.7400
1024,3,0.964844,0.1775,0.7400
1024,4,0.937500,0.1775,0.7400
1024,5,0.945312,0.1775,0.7400
1024,6,0.970703,0.1775,0.7400
1024,7,0.957031,0.1775,0.7400
1024,8,0.972656,0.1775,0.7400
1024,9,0.962891,0.1775,0.7400
1024,10,0.957031,0.1775,0.7400
1024,11,0.966797,0.1775,0.7400
1024,12,0.978516,0.1775,0.7400
1024,13,0.939453,0.1775,0.7400
1024,14,0.949219,0.1775,0.7400
1024,15,0.955078,0.1775,0.7400
1024,16,0.953125,0.1775,0.7400
1024,17,0.964844,0.1775,0.7400
1024,18,0.958984,0.1775,0.7400
1024,19,0.912109,0.1775,0.7400
1024,20,0.976562,0.1775,0.7400
1024,21,0.953125,0.1775,0.7400
1024,22,0.976562,0.1775,0.7400
1024,23,0.970703,0.1775,0.7400
1024,24,0.976562,0.1775,0.7400
1024,25,0.982422,0.1775,0.7400
1024,26,0.970703,0.1775,0.7400
1024,27,0.982422,0.1775,0.7400
1024,28,0.972656,0.1775,0.7400
1024,29,0.972656,0.1775,0.7400
1024,30,0.947266,0.1775,0.7400
1024,31,0.945312,0.1775,0.7400
1024,32,0.972656,0.1775,0.7400
1024,33,0.962891,0.1775,0.7400
1024,34,0.949219,0.1775,0.7400
1024,35,0.953125,0.1775,0.7400
1024,36,0.939453,0.1775,0.7400
1024,37,0.943359,0.1775,0.7400
1024,38,0.966797,0.1775,0.7400
1024,39,0.964844,0.1775,0.7400
1024,40,0.945312,0.1775,0.7400
1024,41,0.986328,0.1775,0.7400
1024,42,0.958984,0.1775,0.7400
1024,43,0.941406,0.1775,0.7400
1024,44,0.957031,0.1775,0.7400
1024,45,0.974609,0.1775,0.7400
1024,46,0.955078,0.1775,0.7400
1024,47,0.964844,0.1775,0.7400
1024,48,0.957031,0.1775,0.7400
1024,49,0.910156,0.1775,0.7400
1024,0,0.966797,0.1800,0.7000
1024,1,0.980469,0.1800,0.7000
1024,2,0.958984,0.1800,0.7000
1024,3,0.958984,0.1800,0.7000
1024,4,0.910156,0.1800,0.7000
1024,5,0.937500,0.1800,0.7000
1024,6,0.970703,0.1800,0.7000
1024,7,0.957031,0.1800,0.7000
1024,8,0.974609,0.1800,0.7000
1024,9,0.957031,0.1800,0.7000
1024,10,0.958984,0.1800,0.7000
1024,11,0.968750,0.1800,0.7000
1024,12,0.970703,0.1800,0.7000
1024,13,0.917969,0.1800,0.7000
1024,14,0.949219,0.1800,0.7000
1024,15,0.955078,0.1800,0.7000
1024,16,0.945312,0.1800,0.7000
1024,17,0.972656,0.1800,0.7000
1024,18,0.949219,0.1800,0.7000
1024,19,0.912109,0.1800,0.7000
1024,20,0.974609,0.1800,0.7000
1024,21,0.953125,0.1800,0.7000
1024,22,0.968750,0.1800,0.7000
1024,23,0.974609,0.1800,0.7000
1024,24,0.958984,0.1800,0.7000
1024,25,0.984375,0.1800,0.7000
1024,26,0.962891,0.1800,0.7000
1024,27,0.980469,0.1800,0.7000
1024,28,0.982422,0.1800,0.7000
1024,29,0.970703,0.1800,0.7000
1024,30,0.955078,0.1800,0.7000
1024,31,0.929688,0.1800,0.7000
1024,32,0.972656,0.1800,0.7000
1024,33,0.949219,0.1800,0.7000
1024,34,0.953125,0.1800,0.7000
1024,35,0.957031,0.1800,0.7000
1024,36,0.917969,0.1800,0.7000
1024,37,0.951172,0.1800,0.7000
1024,38,0.957031,0.1800,0.7000
1024,39,0.962891,0.1800,0.7000
1024,40,0.935547,0.1800,0.7000
1024,41,0.990234,0.1800,0.7000
1024,42,0.957031,0.1800,0.7000
1024,43,0.939453,0.1800,0.7000
1024,44,0.949219,0.1800,0.7000
1024,45,0.972656,0.1800,0.7000
1024,46,0.951172,0.1800,0.7000
1024,47,0.941406,0.1800,0.7000
1024,48,0.966797,0.1800,0.7000
1024,49,0.919922,0.1800,0.7000
1024,0,0.960938,0.1825,0.5800
1024,1,0.970703,0.1825,0.5800
1024,2,0.957031,0.1825,0.5800
1024,3,0.962891,0.1825,0.5800
1024,4,0.912109,0.1825,0.5800
1024,5,0.943359,0.1825,0.5800
1024,6,0.964844,0.1825,0.5800
1024,7,0.947266,0.1825,0.5800
1024,8,0.970703,0.1825,0.5800
1024,9,0.949219,0.1825,0.5800
1024,10,0.939453,0.1825,0.5800
1024,11,0.957031,0.1825,0.5800
1024,12,0.970703,0.1825,0.5800
1024,13,0.896484,0.1825,0.5800
1024,14,0.939453,0.1825,0.5800
1024,15,0.958984,0.1825,0.5800
1024,16,0.943359,0.1825,0.5800
1024,17,0.960938,0.1825,0.5800
1024,18,0.949219,0.1825,0.5800
1024,19,0.902344,0.1825,0.5800
1024,20,0.974609,0.1825,0.5800
1024,21,0.939453,0.1825,0.5800
1024,22,0.970703,0.1825,0.5800
1024,23,0.978516,0.1825,0.5800
1024,24,0.962891,0.1825,0.5800
1024,25,0.972656,0.1825,0.5800
1024,26,0.966797,0.1825,0.5800
1024,27,0.976562,0.1825,0.5800
1024,28,0.970703,0.1825,0.5800
1024,29,0.968750,0.1825,0.5800
1024,30,0.958984,0.1825,0.5800
1024,31,0.937500,0.1825,0.5800
1024,32,0.968750,0.1825,0.5800
1024,33,0.951172,0.1825,0.5800
1024,34,0.933594,0.1825,0.5800
1024,35,0.957031,0.1825,0.5800
1024,36,0.933594,0.1825,0.5800
1024,37,0.933594,0.1825,0.5800
1024,38,0.966797,0.1825,0.5800
1024,39,0.953125,0.1825,0.5800
1024,40,0.931641,0.1825,0.5800
1024,41,0.978516,0.1825,0.5800
1024,42,0.949219,0.1825,0.5800
1024,43,0.941406,0.1825,0.5800
1024,44,0.943359,0.1825,0.5800
1024,45,0.972656,0.1825,0.5800
1024,46,0.951172,0.1825,0.5800
1024,47,0.943359,0.1825,0.5800
1024,48,0.955078,0.1825,0.5800
1024,49,0.914062,0.1825,0.5800
1024,0,0.968750,0.1850,0.5200
1024,1,0.966797,0.1850,0.5200
1024,2,0.953125,0.1850,0.5200
1024,3,0.962891,0.1850,0.5200
1024,4,0.925781,0.1850,0.5200
1024,5,0.943359,0.1850,0.5200
1024,6,0.964844,0.1850,0.5200
1024,7,0.949219,0.1850,0.5200
1024,8,0.968750,0.1850,0.5200
1024,9,0.949219,0.1850,0.5200
1024,10,0.951172,0.1850,0.5200
1024,11,0.957031,0.1850,0.5200
1024,12,0.966797,0.1850,0.5200
1024,13,0.902344,0.1850,0.5200
1024,14,0.937500,0.1850,0.5200
1024,15,0.951172,0.1850,0.5200
1024,16,0.941406,0.1850,0.5200
1024,17,0.947266,0.1850,0.5200
1024,18,0.929688,0.1850,0.5200
1024,19,0.900391,0.1850,0.5200
1024,20,0.966797,0.1850,0.5200
1024,21,0.923828,0.1850,0.5200
1024,22,0.970703,0.1850,0.5200
1024,23,0.974609,0.1850,0.5200
1024,24,0.972656,0.1850,0.5200
1024,25,0.957031,0.1850,0.5200
1024,26,0.955078,0.1850,0.5200
1024,27,0.972656,0.1850,0.5200
1024,28,0.970703,0.1850,0.5200
1024,29,0.960938,0.1850,0.5200
1024,30,0.958984,0.1850,0.5200
1024,31,0.943359,0.1850,0.5200
1024,32,0.941406,0.1850,0.5200
1024,33,0.945312,0.1850,0.5200
1024,34,0.921875,0.1850,0.5200
1024,35,0.962891,0.1850,0.5200
1024,36,0.925781,0.1850,0.5200
1024,37,0.931641,0.1850,0.5200
1024,38,0.955078,0.1850,0.5200
1024,39,0.947266,0.1850,0.5200
1024,40,0.931641,0.1850,0.5200
1024,41,0.980469,0.1850,0.5200
1024,42,0.949219,0.1850,0.5200
1024,43,0.931641,0.1850,0.5200
1024,44,0.957031,0.1850,0.5200
1024,45,0.972656,0.1850,0.5200
1024,46,0.955078,0.1850,0.5200
1024,47,0.945312,0.1850,0.5200
1024,48,0.947266,0.1850,0.5200
1024,49,0.919922,0.1850,0.5200
1024,0,0.968750,0.1875,0.4400
1024,1,0.970703,0.1875,0.4400
1024,2,0.933594,0.1875,0.4400
1024,3,0.943359,0.1875,0.4400
1024,4,0.916016,0.1875,0.4400
1024,5,0.953125,0.1875,0.4400
1024,6,0.958984,0.1875,0.4400
1024,7,0.943359,0.1875,0.4400
1024,8,0.966797,0.1875,0.4400
1024,9,0.943359,0.1875,0.4400
1024,10,0.951172,0.1875,0.4400
1024,11,0.958984,0.1875,0.4400
1024,12,0.968750,0.1875,0.4400
1024,13,0.896484,0.1875,0.4400
1024,14,0.933594,0.1875,0.4400
1024,15,0.951172,0.1875,0.4400
1024,16,0.927734,0.1875,0.4400
1024,17,0.957031,0.1875,0.4400
1024,18,0.945312,0.1875,0.4400
1024,19,0.900391,0.1875,0.4400
1024,20,0.960938,0.1875,0.4400
1024,21,0.939453,0.1875,0.4400
1024,22,0.972656,0.1875,0.4400
1024,23,0.976562,0.1875,0.4400
1024,24,0.966797,0.1875,0.4400
1024,25,0.943359,0.1875,0.4400
1024,26,0.960938,0.1875,0.4400
1024,27,0.951172,0.1875,0.4400
1024,28,0.968750,0.1875,0.4400
1024,29,0.966797,0.1875,0.4400
1024,30,0.962891,0.1875,0.4400
1024,31,0.929688,0.1875,0.4400
1024,32,0.955078,0.1875,0.4400
1024,33,0.935547,0.1875,0.4400
1024,34,0.925781,0.1875,0.4400
1024,35,0.947266,0.1875,0.4400
1024,36,0.935547,0.1875,0.4400
1024,37,0.937500,0.1875,0.4400
1024,38,0.949219,0.1875,0.4400
1024,39,0.947266,0.1875,0.4400
1024,40,0.919922,0.1875,0.4400
1024,41,0.984375,0.1875,0.4400
1024,42,0.949219,0.1875,0.4400
1024,43,0.929688,0.1875,0.4400
1024,44,0.937500,0.1875,0.4400
1024,45,0.968750,0.1875,0.4400
1024,46,0.947266,0.1875,0.4400
1024,47,0.943359,0.1875,0.4400
1024,48,0.939453,0.1875,0.4400
1024,49,0.898438,0.1875,0.4400
4096,0,0.979004,0.1300,1.0000
4096,1,0.986328,0.1300,1.0000
4096,2,0.985352,0.1300,1.0000
4096,3,0.990234,0.1300,1.0000
4096,4,0.984375,0.1300,1.0000
4096,5,0.984375,0.1300,1.0000
4096,6,0.987305,0.1300,1.0000
4096,7,0.987793,0.1300,1.0000
4096,8,0.986816,0.1300,1.0000
4096,9,0.986328,0.1300,1.0000
4096,10,0.989746,0.1300,1.0000
4096,11,0.995605,0.1300,1.0000
4096,12,0.991211,0.1300,1.0000
4096,13,0.994141,0.1300,1.0000
4096,14,0.984375,0.1300,1.0000
4096,15,0.985840,0.1300,1.0000
4096,16,0.994629,0.1300,1.0000
4096,17,0.986328,0.1300,1.0000
4096,18,0.984375,0.1300,1.0000
4096,19,0.983887,0.1300,1.0000
4096,20,0.992188,0.1300,1.0000
4096,21,0.992188,0.1300,1.0000
4096,22,0.988281,0.1300,1.0000
4096,23,0.986816,0.1300,1.0000
4096,24,0.992676,0.1300,1.0000
4096,25,0.982422,0.1300,1.0000
4096,26,0.987793,0.1300,1.0000
4096,27,0.989258,0.1300,1.0000
4096,28,0.989258,0.1300,1.0000
4096,29,0.979980,0.1300,1.0000
4096,0,0.976074,0.1325,1.0000
4096,1,0.984375,0.1325,1.0000
4096,2,0.984375,0.1325,1.0000
4096,3,0.991211,0.1325,1.0000
4096,4,0.984863,0.1325,1.0000
4096,5,0.981934,0.1325,1.0000
4096,6,0.986328,0.1325,1.0000
4096,7,0.988281,0.1325,1.0000
4096,8,0.986816,0.1325,1.0000
4096,9,0.985352,0.1325,1.0000
4096,10,0.989746,0.1325,1.0000
4096,11,0.992188,0.1325,1.0000
4096,12,0.987793,0.1325,1.0000
4096,13,0.993164,0.1325,1.0000
4096,14,0.982422,0.1325,1.0000
4096,15,0.981934,0.1325,1.0000
4096,16,0.991211,0.1325,1.0000
4096,17,0.986816,0.1325,1.0000
4096,18,0.980469,0.1325,1.0000
4096,19,0.982422,0.1325,1.0000
4096,20,0.988770,0.1325,1.0000
4096,21,0.992188,0.1325,1.0000
4096,22,0.988770,0.1325,1.0000
4096,23,0.983887,0.1325,1.0000
4096,24,0.989746,0.1325,1.0000
4096,25,0.974609,0.1325,1.0000
4096,26,0.987305,0.1325,1.0000
4096,27,0.992188,0.1325,1.0000
4096,28,0.985352,0.1325,1.0000
4096,29,0.982910,0.1325,1.0000
4096,0,0.975586,0.1350,1.0000
4096,1,0.981934,0.1350,1.0000
4096,2,0.988281,0.1350,1.0000
4096,3,0.987305,0.1350,1.0000
4096,4,0.983398,0.1350,1.0000
4096,5,0.981934,0.1350,1.0000
4096,6,0.986816,0.1350,1.0000
4096,7,0.988281,0.1350,1.0000
4096,8,0.982910,0.1350,1.0000
4096,9,0.983887,0.1350,1.0000
4096,10,0.989258,0.1350,1.0000
4096,11,0.994629,0.1350,1.0000
4096,12,0.984863,0.1350,1.0000
4096,13,0.990723,0.1350,1.0000
4096,14,0.981934,0.1350,1.0000
4096,15,0.981934,0.1350,1.0000
4096,16,0.991211,0.1350,1.0000
4096,17,0.984863,0.1350,1.0000
4096,18,0.980469,0.1350,1.0000
4096,19,0.979492,0.1350,1.0000
4096,20,0.986816,0.1350,1.0000
4096,21,0.992676,0.1350,1.0000
4096,22,0.990234,0.1350,1.0000
4096,23,0.984375,0.1350,1.0000
4096,24,0.989746,0.1350,1.0000
4096,25,0.976074,0.1350,1.0000
4096,26,0.984863,0.1350,1.0000
4096,27,0.988770,0.1350,1.0000
4096,28,0.984863,0.1350,1.0000
4096,29,0.980469,0.1350,1.0000
4096,0,0.974121,0.1375,1.0000
4096,1,0.979980,0.1375,1.0000
4096,2,0.985840,0.1375,1.0000
4096,3,0.984375,0.1375,1.0000
4096,4,0.980469,0.1375,1.0000
4096,5,0.983887,0.1375,1.0000
4096,6,0.985840,0.1375,1.0000
4096,7,0.989258,0.1375,1.0000
4096,8,0.981934,0.1375,1.0000
4096,9,0.984375,0.1375,1.0000
4096,10,0.988770,0.1375,1.0000
4096,11,0.993652,0.1375,1.0000
4096,12,0.984375,0.1375,1.0000
4096,13,0.990234,0.1375,1.0000
4096,14,0.981934,0.1375,1.0000
4096,15,0.980957,0.1375,1.0000
4096,16,0.991699,0.1375,1.0000
4096,17,0.979492,0.1375,1.0000
4096,18,0.978516,0.1375,1.0000
4096,19,0.979492,0.1375,1.0000
4096,20,0.985840,0.1375,1.0000
4096,21,0.991211,0.1375,1.0000
4096,22,0.989258,0.1375,1.0000
4096,23,0.984863,0.1375,1.0000
4096,24,0.987305,0.1375,1.0000
4096,25,0.969727,0.1375,1.0000
4096,26,0.985840,0.1375,1.0000
4096,27,0.982910,0.1375,1.0000
4096,28,0.979980,0.1375,1.0000
4096,29,0.979004,0.1375,1.0000
4096,0,0.974121,0.1400,1.0000
4096,1,0.981445,0.1400,1.0000
4096,2,0.977539,0.1400,1.0000
4096,3,0.988770,0.1400,1.0000
4096,4,0.976562,0.1400,1.0000
4096,5,0.981934,0.1400,1.0000
4096,6,0.985840,0.1400,1.0000
4096,7,0.984863,0.1400,1.0000
4096,8,0.979492,0.1400,1.0000
4096,9,0.983398,0.1400,1.0000
4096,10,0.986816,0.1400,1.0000
4096,11,0.993164,0.1400,1.0000
4096,12,0.981445,0.1400,1.0000
4096,13,0.989258,0.1400,1.0000
4096,14,0.982910,0.1400,1.0000
4096,15,0.980469,0.1400,1.0000
4096,16,0.990234,0.1400,1.0000
4096,17,0.977051,0.1400,1.0000
4096,18,0.976074,0.1400,1.0000
4096,19,0.976562,0.1400,1.0000
4096,20,0.984863,0.1400,1.0000
4096,21,0.986816,0.1400,1.0000
4096,22,0.988281,0.1400,1.0000
4096,23,0.982910,0.1400,1.0000
4096,24,0.987305,0.1400,1.0000
4096,25,0.976562,0.1400,1.0000
4096,26,0.975586,0.1400,1.0000
4096,27,0.981934,0.1400,1.0000
4096,28,0.979980,0.1400,1.0000
4096,29,0.979004,0.1400,1.0000
4096,0,0.976562,0.1425,1.0000
4096,1,0.981934,0.1425,1.0000
4096,2,0.977051,0.1425,1.0000
4096,3,0.984863,0.1425,1.0000
4096,4,0.978516,0.1425,1.0000
4096,5,0.983398,0.1425,1.0000
4096,6,0.984863,0.1425,1.0000
4096,7,0.985352,0.1425,1.0000
4096,8,0.979492,0.1425,1.0000
4096,9,0.983887,0.1425,1.0000
4096,10,0.985352,0.1425,1.0000
4096,11,0.991699,0.1425,1.0000
4096,12,0.985352,0.1425,1.0000
4096,13,0.987305,0.1425,1.0000
4096,14,0.983887,0.1425,1.0000
4096,15,0.982422,0.1425,1.0000
4096,16,0.991211,0.1425,1.0000
4096,17,0.978516,0.1425,1.0000
4096,18,0.977051,0.1425,1.0000
4096,19,0.979004,0.1425,1.0000
4096,20,0.984375,0.1425,1.0000
4096,21,0.985840,0.1425,1.0000
4096,22,0.988770,0.1425,1.0000
4096,23,0.980957,0.1425,1.0000
4096,24,0.983887,0.1425,1.0000
4096,25,0.970703,0.1425,1.0000
4096,26,0.977539,0.1425,1.0000
4096,27,0.979492,0.1425,1.0000
4096,28,0.981445,0.1425,1.0000
4096,29,0.975098,0.1425,1.0000
4096,0,0.971680,0.1450,1.0000
4096,1,0.981934,0.1450,1.0000
4096,2,0.975098,0.1450,1.0000
4096,3,0.982422,0.1450,1.0000
4096,4,0.980469,0.1450,1.0000
4096,5,0.975098,0.1450,1.0000
4096,6,0.985840,0.1450,1.0000
4096,7,0.984863,0.1450,1.0000
4096,8,0.976074,0.1450,1.0000
4096,9,0.981445,0.1450,1.0000
4096,10,0.983887,0.1450,1.0000
4096,11,0.990234,0.1450,1.0000
4096,12,0.977051,0.1450,1.0000
4096,13,0.986328,0.1450,1.0000
4096,14,0.979980,0.1450,1.0000
4096,15,0.979004,0.1450,1.0000
4096,16,0.989746,0.1450,1.0000
4096,17,0.978516,0.1450,1.0000
4096,18,0.973145,0.1450,1.0000
4096,19,0.975586,0.1450,1.0000
4096,20,0.985840,0.1450,1.0000
4096,21,0.983398,0.1450,1.0000
4096,22,0.985352,0.1450,1.0000
4096,23,0.982422,0.1450,1.0000
4096,24,0.986328,0.1450,1.0000
4096,25,0.967773,0.1450,1.0000
4096,26,0.976074,0.1450,1.0000
4096,27,0.977051,0.1450,1.0000
4096,28,0.977539,0.1450,1.0000
4096,29,0.975098,0.1450,1.0000
4096,0,0.961914,0.1475,1.0000
4096,1,0.980469,0.1475,1.0000
4096,2,0.974609,0.1475,1.0000
4096,3,0.985352,0.1475,1.0000
4096,4,0.975586,0.1475,1.0000
4096,5,0.972656,0.1475,1.0000
4096,6,0.986816,0.1475,1.0000
4096,7,0.984375,0.1475,1.0000
4096,8,0.977539,0.1475,1.0000
4096,9,0.982910,0.1475,1.0000
4096,10,0.984375,0.1475,1.0000
4096,11,0.988281,0.1475,1.0000
4096,12,0.979004,0.1475,1.0000
4096,13,0.983887,0.1475,1.0000
4096,14,0.974121,0.1475,1.0000
4096,15,0.977051,0.1475,1.0000
4096,16,0.992188,0.1475,1.0000
4096,17,0.974121,0.1475,1.0000
4096,18,0.967773,0.1475,1.0000
4096,19,0.972656,0.1475,1.0000
4096,20,0.983398,0.1475,1.0000
4096,21,0.985840,0.1475,1.0000
4096,22,0.979980,0.1475,1.0000
4096,23,0.975586,0.1475,1.0000
4096,24,0.986816,0.1475,1.0000
4096,25,0.963867,0.1475,1.0000
4096,26,0.976074,0.1475,1.0000
4096,27,0.977539,0.1475,1.0000
4096,28,0.977539,0.1475,1.0000
4096,29,0.977051,0.1475,1.0000
4096,0,0.963379,0.1500,1.0000
4096,1,0.980957,0.1500,1.0000
4096,2,0.975098,0.1500,1.0000
4096,3,0.986816,0.1500,1.0000
4096,4,0.972656,0.1500,1.0000
4096,5,0.980469,0.1500,1.0000
4096,6,0.983887,0.1500,1.0000
4096,7,0.983887,0.1500,1.0000
4096,8,0.979980,0.1500,1.0000
4096,9,0.977051,0.1500,1.0000
4096,10,0.979980,0.1500,1.0000
4096,11,0.986816,0.1500,1.0000
4096,12,0.975098,0.1500,1.0000
4096,13,0.983398,0.1500,1.0000
4096,14,0.971191,0.1500,1.0000
4096,15,0.976562,0.1500,1.0000
4096,16,0.989746,0.1500,1.0000
4096,17,0.976074,0.1500,1.0000
4096,18,0.967285,0.1500,1.0000
4096,19,0.975098,0.1500,1.0000
4096,20,0.982422,0.1500,1.0000
4096,21,0.981445,0.1500,1.0000
4096,22,0.978027,0.1500,1.0000
4096,23,0.969727,0.1500,1.0000
4096,24,0.983887,0.1500,1.0000
4096,25,0.972168,0.1500,1.0000
4096,26,0.971680,0.1500,1.0000
4096,27,0.975586,0.1500,1.0000
4096,28,0.976562,0.1500,1.0000
4096,29,0.968750,0.1500,1.0000
4096,0,0.963867,0.1525,1.0000
4096,1,0.979004,0.1525,1.0000
4096,2,0.969727,0.1525,1.0000
4096,3,0.984863,0.1525,1.0000
4096,4,0.971680,0.1525,1.0000
4096,5,0.969238,0.1525,1.0000
4096,6,0.974609,0.1525,1.0000
4096,7,0.984863,0.1525,1.0000
4096,8,0.974121,0.1525,1.0000
4096,9,0.976562,0.1525,1.0000
4096,10,0.978027,0.1525,1.0000
4096,11,0.983887,0.1525,1.0000
4096,12,0.977051,0.1525,1.0000
4096,13,0.980957,0.1525,1.0000
4096,14,0.970703,0.1525,1.0000
4096,15,0.977539,0.1525,1.0000
4096,16,0.989746,0.1525,1.0000
4096,17,0.975098,0.1525,1.0000
4096,18,0.962402,0.1525,1.0000
4096,19,0.971191,0.1525,1.0000
4096,20,0.981445,0.1525,1.0000
4096,21,0.983398,0.1525,1.0000
4096,22,0.975586,0.1525,1.0000
4096,23,0.974609,0.1525,1.0000
4096,24,0.982910,0.1525,1.0000
4096,25,0.958496,0.1525,1.0000
4096,26,0.973633,0.1525,1.0000
4096,27,0.965332,0.1525,1.0000
4096,28,0.978516,0.1525,1.0000
4096,29,0.964844,0.1525,1.0000
4096,0,0.957520,0.1550,1.0000
4096,1,0.973633,0.1550,1.0000
4096,2,0.966797,0.1550,1.0000
4096,3,0.983398,0.1550,1.0000
4096,4,0.973633,0.1550,1.0000
4096,5,0.968750,0.1550,1.0000
4096,6,0.973633,0.1550,1.0000
4096,7,0.981934,0.1550,1.0000
4096,8,0.971680,0.1550,1.0000
4096,9,0.975586,0.1550,1.0000
4096,10,0.977051,0.1550,1.0000
4096,11,0.984375,0.1550,1.0000
4096,12,0.979004,0.1550,1.0000
4096,13,0.983398,0.1550,1.0000
4096,14,0.971680,0.1550,1.0000
4096,15,0.973633,0.1550,1.0000
4096,16,0.987305,0.1550,1.0000
4096,17,0.971191,0.1550,1.0000
4096,18,0.962891,0.1550,1.0000
4096,19,0.971191,0.1550,1.0000
4096,20,0.980469,0.1550,1.0000
4096,21,0.979980,0.1550,1.0000
4096,22,0.975586,0.1550,1.0000
4096,23,0.971191,0.1550,1.0000
4096,24,0.980469,0.1550,1.0000
4096,25,0.957520,0.1550,1.0000
4096,26,0.974609,0.1550,1.0000
4096,27,0.966797,0.1550,1.0000
4096,28,0.975098,0.1550,1.0000
4096,29,0.968750,0.1550,1.0000
4096,0,0.965332,0.1575,1.0000
4096,1,0.972168,0.1575,1.0000
4096,2,0.966309,0.1575,1.0000
4096,3,0.985352,0.1575,1.0000
4096,4,0.965332,0.1575,1.0000
4096,5,0.968262,0.1575,1.0000
4096,6,0.975586,0.1575,1.0000
4096,7,0.979492,0.1575,1.0000
4096,8,0.969238,0.1575,1.0000
4096,9,0.972168,0.1575,1.0000
4096,10,0.972168,0.1575,1.0000
4096,11,0.985840,0.1575,1.0000
4096,12,0.975586,0.1575,1.0000
4096,13,0.980469,0.1575,1.0000
4096,14,0.967773,0.1575,1.0000
4096,15,0.974121,0.1575,1.0000
4096,16,0.987793,0.1575,1.0000
4096,17,0.965820,0.1575,1.0000
4096,18,0.955078,0.1575,1.0000
4096,19,0.970703,0.1575,1.0000
4096,20,0.980957,0.1575,1.0000
4096,21,0.980469,0.1575,1.0000
4096,22,0.974609,0.1575,1.0000
4096,23,0.970215,0.1575,1.0000
4096,24,0.974121,0.1575,1.0000
4096,25,0.958496,0.1575,1.0000
4096,26,0.972168,0.1575,1.0000
4096,27,0.966797,0.1575,1.0000
4096,28,0.979492,0.1575,1.0000
4096,29,0.971680,0.1575,1.0000
4096,0,0.958008,0.1600,1.0000
4096,1,0.971680,0.1600,1.0000
4096,2,0.961914,0.1600,1.0000
4096,3,0.978516,0.1600,1.0000
4096,4,0.965820,0.1600,1.0000
4096,5,0.963867,0.1600,1.0000
4096,6,0.974121,0.1600,1.0000
4096,7,0.979492,0.1600,1.0000
4096,8,0.964844,0.1600,1.0000
4096,9,0.965332,0.1600,1.0000
4096,10,0.974609,0.1600,1.0000
4096,11,0.981445,0.1600,1.0000
4096,12,0.975586,0.1600,1.0000
4096,13,0.979980,0.1600,1.0000
4096,14,0.963379,0.1600,1.0000
4096,15,0.969238,0.1600,1.0000
4096,16,0.985352,0.1600,1.0000
4096,17,0.965332,0.1600,1.0000
4096,18,0.957031,0.1600,1.0000
4096,19,0.962891,0.1600,1.0000
4096,20,0.976562,0.1600,1.0000
4096,21,0.979004,0.1600,1.0000
4096,22,0.974609,0.1600,1.0000
4096,23,0.964844,0.1600,1.0000
4096,24,0.975098,0.1600,1.0000
4096,25,0.954590,0.1600,1.0000
4096,26,0.971680,0.1600,1.0000
4096,27,0.967773,0.1600,1.0000
4096,28,0.974609,0.1600,1.0000
4096,29,0.967285,0.1600,1.0000
4096,0,0.959961,0.1625,1.0000
4096,1,0.965820,0.1625,1.0000
4096,2,0.955078,0.1625,1.0000
4096,3,0.974121,0.1625,1.0000
4096,4,0.966309,0.1625,1.0000
4096,5,0.962402,0.1625,1.0000
4096,6,0.969727,0.1625,1.0000
4096,7,0.979004,0.1625,1.0000
4096,8,0.962891,0.1625,1.0000
4096,9,0.958496,0.1625,1.0000
4096,10,0.969727,0.1625,1.0000
4096,11,0.981445,0.1625,1.0000
4096,12,0.971191,0.1625,1.0000
4096,13,0.980469,0.1625,1.0000
4096,14,0.959961,0.1625,1.0000
4096,15,0.965820,0.1625,1.0000
4096,16,0.980957,0.1625,1.0000
4096,17,0.961914,0.1625,1.0000
4096,18,0.959961,0.1625,1.0000
4096,19,0.962891,0.1625,1.0000
4096,20,0.977051,0.1625,1.0000
4096,21,0.981445,0.1625,1.0000
4096,22,0.971680,0.1625,1.0000
4096,23,0.952637,0.1625,1.0000
4096,24,0.974121,0.1625,1.0000
4096,25,0.952148,0.1625,1.0000
4096,26,0.966309,0.1625,1.0000
4096,27,0.973633,0.1625,1.0000
4096,28,0.970215,0.1625,1.0000
4096,29,0.969238,0.1625,1.0000
4096,0,0.955078,0.1650,1.0000
4096,1,0.960449,0.1650,1.0000
4096,2,0.960449,0.1650,1.0000
4096,3,0.974121,0.1650,1.0000
4096,4,0.966309,0.1650,1.0000
4096,5,0.964844,0.1650,1.0000
4096,6,0.967773,0.1650,1.0000
4096,7,0.977539,0.1650,1.0000
4096,8,0.959961,0.1650,1.0000
4096,9,0.963867,0.1650,1.0000
4096,10,0.969727,0.1650,1.0000
4096,11,0.979980,0.1650,1.0000
4096,12,0.970703,0.1650,1.0000
4096,13,0.975586,0.1650,1.0000
4096,14,0.963379,0.1650,1.0000
4096,15,0.964844,0.1650,1.0000
4096,16,0.978027,0.1650,1.0000
4096,17,0.958496,0.1650,1.0000
4096,18,0.957520,0.1650,1.0000
4096,19,0.958984,0.1650,1.0000
4096,20,0.966309,0.1650,1.0000
4096,21,0.978516,0.1650,1.0000
4096,22,0.968750,0.1650,1.0000
4096,23,0.955078,0.1650,1.0000
4096,24,0.973633,0.1650,1.0000
4096,25,0.954102,0.1650,1.0000
4096,26,0.970215,0.1650,1.0000
4096,27,0.972168,0.1650,1.0000
4096,28,0.964844,0.1650,1.0000
4096,29,0.967773,0.1650,1.0000
4096,0,0.952148,0.1675,1.0000
4096,1,0.954590,0.1675,1.0000
4096,2,0.955078,0.1675,1.0000
4096,3,0.980469,0.1675,1.0000
4096,4,0.957520,0.1675,1.0000
4096,5,0.961914,0.1675,1.0000
4096,6,0.967285,0.1675,1.0000
4096,7,0.976074,0.1675,1.0000
4096,8,0.959961,0.1675,1.0000
4096,9,0.959961,0.1675,1.0000
4096,10,0.965820,0.1675,1.0000
4096,11,0.978516,0.1675,1.0000
4096,12,0.963867,0.1675,1.0000
4096,13,0.971191,0.1675,1.0000
4096,14,0.959473,0.1675,1.0000
4096,15,0.960938,0.1675,1.0000
4096,16,0.980469,0.1675,1.0000
4096,17,0.966309,0.1675,1.0000
4096,18,0.952637,0.1675,1.0000
4096,19,0.962891,0.1675,1.0000
4096,20,0.966309,0.1675,1.0000
4096,21,0.977539,0.1675,1.0000
4096,22,0.968750,0.1675,1.0000
4096,23,0.956055,0.1675,1.0000
4096,24,0.972656,0.1675,1.0000
4096,25,0.951660,0.1675,1.0000
4096,26,0.960449,0.1675,1.0000
4096,27,0.968750,0.1675,1.0000
4096,28,0.964844,0.1675,1.0000
4096,29,0.967773,0.1675,1.0000
4096,0,0.955566,0.1700,1.0000
4096,1,0.951172,0.1700,1.0000
4096,2,0.955078,0.1700,1.0000
4096,3,0.978027,0.1700,1.0000
4096,4,0.960938,0.1700,1.0000
4096,5,0.960938,0.1700,1.0000
4096,6,0.966309,0.1700,1.0000
4096,7,0.970215,0.1700,1.0000
4096,8,0.957031,0.1700,1.0000
4096,9,0.957520,0.1700,1.0000
4096,10,0.968262,0.1700,1.0000
4096,11,0.977539,0.1700,1.0000
4096,12,0.962402,0.1700,1.0000
4096,13,0.971680,0.1700,1.0000
4096,14,0.954590,0.1700,1.0000
4096,15,0.963379,0.1700,1.0000
4096,16,0.977051,0.1700,1.0000
4096,17,0.970215,0.1700,1.0000
4096,18,0.950195,0.1700,1.0000
4096,19,0.960938,0.1700,1.0000
4096,20,0.959961,0.1700,1.0000
4096,21,0.973633,0.1700,1.0000
4096,22,0.963379,0.1700,1.0000
4096,23,0.952148,0.1700,1.0000
4096,24,0.973145,0.1700,1.0000
4096,25,0.956055,0.1700,1.0000
4096,26,0.961914,0.1700,1.0000
4096,27,0.964355,0.1700,1.0000
4096,28,0.961426,0.1700,1.0000
4096,29,0.966797,0.1700,1.0000
4096,0,0.953613,0.1725,0.9667
4096,1,0.952148,0.1725,0.9667
4096,2,0.954102,0.1725,0.9667
4096,3,0.977539,0.1725,0.9667
4096,4,0.955566,0.1725,0.9667
4096,5,0.958496,0.1725,0.9667
4096,6,0.967285,0.1725,0.9667
4096,7,0.968750,0.1725,0.9667
4096,8,0.955566,0.1725,0.9667
4096,9,0.953125,0.1725,0.9667
4096,10,0.967773,0.1725,0.9667
4096,11,0.979492,0.1725,0.9667
4096,12,0.957031,0.1725,0.9667
4096,13,0.970703,0.1725,0.9667
4096,14,0.954102,0.1725,0.9667
4096,15,0.959473,0.1725,0.9667
4096,16,0.973633,0.1725,0.9667
4096,17,0.968262,0.1725,0.9667
4096,18,0.950195,0.1725,0.9667
4096,19,0.946289,0.1725,0.9667
4096,20,0.960449,0.1725,0.9667
4096,21,0.973633,0.1725,0.9667
4096,22,0.972168,0.1725,0.9667
4096,23,0.950195,0.1725,0.9667
4096,24,0.972168,0.1725,0.9667
4096,25,0.954102,0.1725,0.9667
4096,26,0.960938,0.1725,0.9667
4096,27,0.963867,0.1725,0.9667
4096,28,0.962402,0.1725,0.9667
4096,29,0.962402,0.1725,0.9667
4096,0,0.950684,0.1750,0.8333
4096,1,0.955566,0.1750,0.8333
4096,2,0.950684,0.1750,0.8333
4096,3,0.974609,0.1750,0.8333
4096,4,0.955566,0.1750,0.8333
4096,5,0.945312,0.1750,0.8333
4096,6,0.963867,0.1750,0.8333
4096,7,0.970703,0.1750,0.8333
4096,8,0.960449,0.1750,0.8333
4096,9,0.953125,0.1750,0.8333
4096,10,0.963867,0.1750,0.8333
4096,11,0.973633,0.1750,0.8333
4096,12,0.951172,0.1750,0.8333
4096,13,0.970215,0.1750,0.8333
4096,14,0.949707,0.1750,0.8333
4096,15,0.957031,0.1750,0.8333
4096,16,0.973633,0.1750,0.8333
4096,17,0.965820,0.1750,0.8333
4096,18,0.955078,0.1750,0.8333
4096,19,0.946777,0.1750,0.8333
4096,20,0.958496,0.1750,0.8333
4096,21,0.974609,0.1750,0.8333
4096,22,0.970703,0.1750,0.8333
4096,23,0.946777,0.1750,0.8333
4096,24,0.974609,0.1750,0.8333
4096,25,0.948730,0.1750,0.8333
4096,26,0.951660,0.1750,0.8333
4096,27,0.959961,0.1750,0.8333
4096,28,0.962402,0.1750,0.8333
4096,29,0.957031,0.1750,0.8333
4096,0,0.946289,0.1775,0.8000
4096,1,0.955078,0.1775,0.8000
4096,2,0.957520,0.1775,0.8000
4096,3,0.972168,0.1775,0.8000
4096,4,0.951172,0.1775,0.8000
4096,5,0.948730,0.1775,0.8000
4096,6,0.955078,0.1775,0.8000
4096,7,0.968262,0.1775,0.8000
4096,8,0.958984,0.1775,0.8000
4096,9,0.948242,0.1775,0.8000
4096,10,0.961914,0.1775,0.8000
4096,11,0.974121,0.1775,0.8000
4096,12,0.948730,0.1775,0.8000
4096,13,0.970703,0.1775,0.8000
4096,14,0.944824,0.1775,0.8000
4096,15,0.953125,0.1775,0.8000
4096,16,0.965820,0.1775,0.8000
4096,17,0.962402,0.1775,0.8000
4096,18,0.955566,0.1775,0.8000
4096,19,0.941406,0.1775,0.8000
4096,20,0.957031,0.1775,0.8000
4096,21,0.968262,0.1775,0.8000
4096,22,0.967773,0.1775,0.8000
4096,23,0.952637,0.1775,0.8000
4096,24,0.972168,0.1775,0.8000
4096,25,0.951172,0.1775,0.8000
4096,26,0.954590,0.1775,0.8000
4096,27,0.951660,0.1775,0.8000
4096,28,0.957031,0.1775,0.8000
4096,29,0.958008,0.1775,0.8000
4096,0,0.946777,0.1800,0.6333
4096,1,0.948242,0.1800,0.6333
4096,2,0.953125,0.1800,0.6333
4096,3,0.972656,0.1800,0.6333
4096,4,0.945312,0.1800,0.6333
4096,5,0.945801,0.1800,0.6333
4096,6,0.957520,0.1800,0.6333
4096,7,0.963867,0.1800,0.6333
4096,8,0.958008,0.1800,0.6333
4096,9,0.947266,0.1800,0.6333
4096,10,0.960938,0.1800,0.6333
4096,11,0.969727,0.1800,0.6333
4096,12,0.949219,0.1800,0.6333
4096,13,0.967773,0.1800,0.6333
4096,14,0.939941,0.1800,0.6333
4096,15,0.952637,0.1800,0.6333
4096,16,0.963379,0.1800,0.6333
4096,17,0.959961,0.1800,0.6333
4096,18,0.946289,0.1800,0.6333
4096,19,0.949219,0.1800,0.6333
4096,20,0.957031,0.1800,0.6333
4096,21,0.963867,0.1800,0.6333
4096,22,0.967773,0.1800,0.6333
4096,23,0.949219,0.1800,0.6333
4096,24,0.970703,0.1800,0.6333
4096,25,0.950684,0.1800,0.6333
4096,26,0.958008,0.1800,0.6333
4096,27,0.944824,0.1800,0.6333
4096,28,0.958008,0.1800,0.6333
4096,29,0.956543,0.1800,0.6333
4096,0,0.947266,0.1825,0.6667
4096,1,0.945801,0.1825,0.6667
4096,2,0.951660,0.1825,0.6667
4096,3,0.970215,0.1825,0.6667
4096,4,0.941406,0.1825,0.6667
4096,5,0.940430,0.1825,0.6667
4096,6,0.956543,0.1825,0.6667
4096,7,0.965820,0.1825,0.6667
4096,8,0.952148,0.1825,0.6667
4096,9,0.953125,0.1825,0.6667
4096,10,0.964844,0.1825,0.6667
4096,11,0.973633,0.1825,0.6667
4096,12,0.946777,0.1825,0.6667
4096,13,0.968750,0.1825,0.6667
4096,14,0.939941,0.1825,0.6667
4096,15,0.953125,0.1825,0.6667
4096,16,0.963867,0.1825,0.6667
4096,17,0.962402,0.1825,0.6667
4096,18,0.938965,0.1825,0.6667
4096,19,0.942871,0.1825,0.6667
4096,20,0.956543,0.1825,0.6667
4096,21,0.962402,0.1825,0.6667
4096,22,0.961426,0.1825,0.6667
4096,23,0.949219,0.1825,0.6667
4096,24,0.967773,0.1825,0.6667
4096,25,0.956543,0.1825,0.6667
4096,26,0.952637,0.1825,0.6667
4096,27,0.949707,0.1825,0.6667
4096,28,0.956055,0.1825,0.6667
4096,29,0.955566,0.1825,0.6667
4096,0,0.939941,0.1850,0.6333
4096,1,0.942383,0.1850,0.6333
4096,2,0.946289,0.1850,0.6333
4096,3,0.969727,0.1850,0.6333
4096,4,0.939941,0.1850,0.6333
4096,5,0.938965,0.1850,0.6333
4096,6,0.952148,0.1850,0.6333
4096,7,0.959473,0.1850,0.6333
4096,8,0.943848,0.1850,0.6333
4096,9,0.950195,0.1850,0.6333
4096,10,0.960449,0.1850,0.6333
4096,11,0.968750,0.1850,0.6333
4096,12,0.943359,0.1850,0.6333
4096,13,0.964844,0.1850,0.6333
4096,14,0.940430,0.1850,0.6333
4096,15,0.945312,0.1850,0.6333
4096,16,0.963867,0.1850,0.6333
4096,17,0.960449,0.1850,0.6333
4096,18,0.941895,0.1850,0.6333
4096,19,0.952637,0.1850,0.6333
4096,20,0.958496,0.1850,0.6333
4096,21,0.962891,0.1850,0.6333
4096,22,0.958496,0.1850,0.6333
4096,23,0.947266,0.1850,0.6333
4096,24,0.958984,0.1850,0.6333
4096,25,0.952637,0.1850,0.6333
4096,26,0.952637,0.1850,0.6333
4096,27,0.953613,0.1850,0.6333
4096,28,0.957031,0.1850,0.6333
4096,29,0.950684,0.1850,0.6333
4096,0,0.943848,0.1875,0.5000
4096,1,0.937012,0.1875,0.5000
4096,2,0.952148,0.1875,0.5000
4096,3,0.967773,0.1875,0.5000
4096,4,0.932617,0.1875,0.5000
4096,5,0.934570,0.1875,0.5000
4096,6,0.950195,0.1875,0.5000
4096,7,0.960938,0.1875,0.5000
4096,8,0.952148,0.1875,0.5000
4096,9,0.944336,0.1875,0.5000
4096,10,0.959473,0.1875,0.5000
4096,11,0.965820,0.1875,0.5000
4096,12,0.938965,0.1875,0.5000
4096,13,0.961914,0.1875,0.5000
4096,14,0.946777,0.1875,0.5000
4096,15,0.939453,0.1875,0.5000
4096,16,0.970703,0.1875,0.5000
4096,17,0.962402,0.1875,0.5000
4096,18,0.940918,0.1875,0.5000
4096,19,0.949707,0.1875,0.5000
4096,20,0.958008,0.1875,0.5000
4096,21,0.964355,0.1875,0.5000
4096,22,0.958496,0.1875,0.5000
4096,23,0.943848,0.1875,0.5000
4096,24,0.958984,0.1875,0.5000
4096,25,0.945312,0.1875,0.5000
4096,26,0.952637,0.1875,0.5000
4096,27,0.941895,0.1875,0.5000
4096,28,0.947266,0.1875,0.5000
4096,29,0.947266,0.1875,0.5000
4096,0,0.938477,0.1900,0.4000
4096,1,0.939453,0.1900,0.4000
4096,2,0.950195,0.1900,0.4000
4096,3,0.973633,0.1900,0.4000
4096,4,0.934082,0.1900,0.4000
4096,5,0.938477,0.1900,0.4000
4096,6,0.945312,0.1900,0.4000
4096,7,0.954590,0.1900,0.4000
4096,8,0.942871,0.1900,0.4000
4096,9,0.943848,0.1900,0.4000
4096,10,0.960449,0.1900,0.4000
4096,11,0.961914,0.1900,0.4000
4096,12,0.937988,0.1900,0.4000
4096,13,0.966309,0.1900,0.4000
4096,14,0.936523,0.1900,0.4000
4096,15,0.936523,0.1900,0.4000
4096,16,0.965332,0.1900,0.4000
4096,17,0.954102,0.1900,0.4000
4096,18,0.930176,0.1900,0.4000
4096,19,0.948730,0.1900,0.4000
4096,20,0.954590,0.1900,0.4000
4096,21,0.961426,0.1900,0.4000
4096,22,0.947754,0.1900,0.4000
4096,23,0.944336,0.1900,0.4000
4096,24,0.955566,0.1900,0.4000
4096,25,0.947266,0.1900,0.4000
4096,26,0.953613,0.1900,0.4000
4096,27,0.938477,0.1900,0.4000
4096,28,0.941406,0.1900,0.4000
4096,29,0.938965,0.1900,0.4000
16384,0,0.984863,0.1300,1.0000
16384,1,0.986572,0.1300,1.0000
16384,2,0.987915,0.1300,1.0000
16384,3,0.988281,0.1300,1.0000
16384,4,0.988525,0.1300,1.0000
16384,5,0.988037,0.1300,1.0000
16384,6,0.986206,0.1300,1.0000
16384,7,0.989624,0.1300,1.0000
16384,8,0.989746,0.1300,1.0000
16384,9,0.986206,0.1300,1.0000
16384,10,0.988281,0.1300,1.0000
16384,11,0.990479,0.1300,1.0000
16384,12,0.987427,0.1300,1.0000
16384,13,0.987671,0.1300,1.0000
16384,14,0.989502,0.1300,1.0000
16384,15,0.987915,0.1300,1.0000
16384,16,0.989502,0.1300,1.0000
16384,17,0.985596,0.1300,1.0000
16384,18,0.988647,0.1300,1.0000
16384,19,0.989258,0.1300,1.0000
16384,20,0.989502,0.1300,1.0000
16384,21,0.989624,0.1300,1.0000
16384,22,0.989990,0.1300,1.0000
16384,23,0.987305,0.1300,1.0000
16384,24,0.989380,0.1300,1.0000
16384,25,0.990112,0.1300,1.0000
16384,26,0.986572,0.1300,1.0000
16384,27,0.990356,0.1300,1.0000
16384,28,0.987061,0.1300,1.0000
16384,29,0.989258,0.1300,1.0000
16384,0,0.983276,0.1325,1.0000
16384,1,0.985474,0.1325,1.0000
16384,2,0.987183,0.1325,1.0000
16384,3,0.987793,0.1325,1.0000
16384,4,0.989258,0.1325,1.0000
16384,5,0.986572,0.1325,1.0000
16384,6,0.985596,0.1325,1.0000
16384,7,0.988892,0.1325,1.0000
16384,8,0.989502,0.1325,1.0000
16384,9,0.986816,0.1325,1.0000
16384,10,0.984375,0.1325,1.0000
16384,11,0.989502,0.1325,1.0000
16384,12,0.986694,0.1325,1.0000
16384,13,0.988403,0.1325,1.0000
16384,14,0.988892,0.1325,1.0000
16384,15,0.986938,0.1325,1.0000
16384,16,0.988281,0.1325,1.0000
16384,17,0.982666,0.1325,1.0000
16384,18,0.987061,0.1325,1.0000
16384,19,0.987305,0.1325,1.0000
16384,20,0.988525,0.1325,1.0000
16384,21,0.989136,0.1325,1.0000
16384,22,0.987915,0.1325,1.0000
16384,23,0.986206,0.1325,1.0000
16384,24,0.987305,0.1325,1.0000
16384,25,0.988647,0.1325,1.0000
16384,26,0.985840,0.1325,1.0000
16384,27,0.987427,0.1325,1.0000
16384,28,0.985596,0.1325,1.0000
16384,29,0.987183,0.1325,1.0000
16384,0,0.982666,0.1350,1.0000
16384,1,0.983887,0.1350,1.0000
16384,2,0.986694,0.1350,1.0000
16384,3,0.985840,0.1350,1.0000
16384,4,0.987793,0.1350,1.0000
16384,5,0.986572,0.1350,1.0000
16384,6,0.985474,0.1350,1.0000
16384,7,0.989502,0.1350,1.0000
16384,8,0.987549,0.1350,1.0000
16384,9,0.985718,0.1350,1.0000
16384,10,0.985474,0.1350,1.0000
16384,11,0.988281,0.1350,1.0000
16384,12,0.985474,0.1350,1.0000
16384,13,0.987183,0.1350,1.0000
16384,14,0.987671,0.1350,1.0000
16384,15,0.987671,0.1350,1.0000
16384,16,0.988159,0.1350,1.0000
16384,17,0.981689,0.1350,1.0000
16384,18,0.985962,0.1350,1.0000
16384,19,0.985352,0.1350,1.0000
16384,20,0.987061,0.1350,1.0000
16384,21,0.987305,0.1350,1.0000
16384,22,0.987183,0.1350,1.0000
16384,23,0.983521,0.1350,1.0000
16384,24,0.987793,0.1350,1.0000
16384,25,0.986328,0.1350,1.0000
16384,26,0.985962,0.1350,1.0000
16384,27,0.986572,0.1350,1.0000
16384,28,0.985596,0.1350,1.0000
16384,29,0.986328,0.1350,1.0000
16384,0,0.982544,0.1375,1.0000
16384,1,0.983521,0.1375,1.0000
16384,2,0.986206,0.1375,1.0000
16384,3,0.986450,0.1375,1.0000
16384,4,0.987915,0.1375,1.0000
16384,5,0.982910,0.1375,1.0000
16384,6,0.983765,0.1375,1.0000
16384,7,0.988159,0.1375,1.0000
16384,8,0.985107,0.1375,1.0000
16384,9,0.984741,0.1375,1.0000
16384,10,0.983521,0.1375,1.0000
16384,11,0.987793,0.1375,1.0000
16384,12,0.984497,0.1375,1.0000
16384,13,0.985718,0.1375,1.0000
16384,14,0.986938,0.1375,1.0000
16384,15,0.984497,0.1375,1.0000
16384,16,0.987427,0.1375,1.0000
16384,17,0.980591,0.1375,1.0000
16384,18,0.984009,0.1375,1.0000
16384,19,0.983521,0.1375,1.0000
16384,20,0.985962,0.1375,1.0000
16384,21,0.987305,0.1375,1.0000
16384,22,0.985352,0.1375,1.0000
16384,23,0.984619,0.1375,1.0000
16384,24,0.986450,0.1375,1.0000
16384,25,0.986450,0.1375,1.0000
16384,26,0.982910,0.1375,1.0000
16384,27,0.986572,0.1375,1.0000
16384,28,0.983521,0.1375,1.0000
16384,29,0.986816,0.1375,1.0000
16384,0,0.980713,0.1400,1.0000
16384,1,0.982056,0.1400,1.0000
16384,2,0.984375,0.1400,1.0000
16384,3,0.983765,0.1400,1.0000
16384,4,0.984741,0.1400,1.0000
16384,5,0.983032,0.1400,1.0000
16384,6,0.981934,0.1400,1.0000
16384,7,0.986816,0.1400,1.0000
16384,8,0.986572,0.1400,1.0000
16384,9,0.984863,0.1400,1.0000
16384,10,0.980957,0.1400,1.0000
16384,11,0.988037,0.1400,1.0000
16384,12,0.984497,0.1400,1.0000
16384,13,0.984253,0.1400,1.0000
16384,14,0.987427,0.1400,1.0000
16384,15,0.982422,0.1400,1.0000
16384,16,0.986206,0.1400,1.0000
16384,17,0.979492,0.1400,1.0000
16384,18,0.981812,0.1400,1.0000
16384,19,0.983398,0.1400,1.0000
16384,20,0.986572,0.1400,1.0000
16384,21,0.986328,0.1400,1.0000
16384,22,0.983521,0.1400,1.0000
16384,23,0.982910,0.1400,1.0000
16384,24,0.984253,0.1400,1.0000
16384,25,0.985596,0.1400,1.0000
16384,26,0.983154,0.1400,1.0000
16384,27,0.985107,0.1400,1.0000
16384,28,0.981079,0.1400,1.0000
16384,29,0.984131,0.1400,1.0000
16384,0,0.978149,0.1425,1.0000
16384,1,0.982422,0.1425,1.0000
16384,2,0.983765,0.1425,1.0000
16384,3,0.983032,0.1425,1.0000
16384,4,0.983887,0.1425,1.0000
16384,5,0.979980,0.1425,1.0000
16384,6,0.980835,0.1425,1.0000
16384,7,0.984619,0.1425,1.0000
16384,8,0.984741,0.1425,1.0000
16384,9,0.984985,0.1425,1.0000
16384,10,0.979858,0.1425,1.0000
16384,11,0.985474,0.1425,1.0000
16384,12,0.984131,0.1425,1.0000
16384,13,0.984375,0.1425,1.0000
16384,14,0.985474,0.1425,1.0000
16384,15,0.979858,0.1425,1.0000
16384,16,0.985352,0.1425,1.0000
16384,17,0.978882,0.1425,1.0000
16384,18,0.981445,0.1425,1.0000
16384,19,0.982422,0.1425,1.0000
16384,20,0.984985,0.1425,1.0000
16384,21,0.984131,0.1425,1.0000
16384,22,0.983032,0.1425,1.0000
16384,23,0.980713,0.1425,1.0000
16384,24,0.983643,0.1425,1.0000
16384,25,0.983643,0.1425,1.0000
16384,26,0.981689,0.1425,1.0000
16384,27,0.983521,0.1425,1.0000
16384,28,0.981079,0.1425,1.0000
16384,29,0.982666,0.1425,1.0000
16384,0,0.978760,0.1450,1.0000
16384,1,0.980469,0.1450,1.0000
16384,2,0.981201,0.1450,1.0000
16384,3,0.982056,0.1450,1.0000
16384,4,0.983276,0.1450,1.0000
16384,5,0.979614,0.1450,1.0000
16384,6,0.978516,0.1450,1.0000
16384,7,0.982056,0.1450,1.0000
16384,8,0.982178,0.1450,1.0000
16384,9,0.980103,0.1450,1.0000
16384,10,0.978271,0.1450,1.0000
16384,11,0.985596,0.1450,1.0000
16384,12,0.982788,0.1450,1.0000
16384,13,0.984131,0.1450,1.0000
16384,14,0.983643,0.1450,1.0000
16384,15,0.978394,0.1450,1.0000
16384,16,0.983887,0.1450,1.0000
16384,17,0.975586,0.1450,1.0000
16384,18,0.979492,0.1450,1.0000
16384,19,0.979248,0.1450,1.0000
16384,20,0.984497,0.1450,1.0000
16384,21,0.984131,0.1450,1.0000
16384,22,0.983765,0.1450,1.0000
16384,23,0.980103,0.1450,1.0000
16384,24,0.981812,0.1450,1.0000
16384,25,0.982910,0.1450,1.0000
16384,26,0.979858,0.1450,1.0000
16384,27,0.980469,0.1450,1.0000
16384,28,0.980957,0.1450,1.0000
16384,29,0.982056,0.1450,1.0000
16384,0,0.976562,0.1475,1.0000
16384,1,0.978638,0.1475,1.0000
16384,2,0.980713,0.1475,1.0000
16384,3,0.979614,0.1475,1.0000
16384,4,0.981201,0.1475,1.0000
16384,5,0.976440,0.1475,1.0000
16384,6,0.977173,0.1475,1.0000
16384,7,0.980103,0.1475,1.0000
16384,8,0.980713,0.1475,1.0000
16384,9,0.977417,0.1475,1.0000
16384,10,0.977417,0.1475,1.0000
16384,11,0.983032,0.1475,1.0000
16384,12,0.982300,0.1475,1.0000
16384,13,0.982422,0.1475,1.0000
16384,14,0.983032,0.1475,1.0000
16384,15,0.978271,0.1475,1.0000
16384,16,0.980713,0.1475,1.0000
16384,17,0.976685,0.1475,1.0000
16384,18,0.976685,0.1475,1.0000
16384,19,0.977905,0.1475,1.0000
16384,20,0.983276,0.1475,1.0000
16384,21,0.983032,0.1475,1.0000
16384,22,0.980347,0.1475,1.0000
16384,23,0.977783,0.1475,1.0000
16384,24,0.980103,0.1475,1.0000
16384,25,0.981812,0.1475,1.0000
16384,26,0.979736,0.1475,1.0000
16384,27,0.979370,0.1475,1.0000
16384,28,0.979248,0.1475,1.0000
16384,29,0.979614,0.1475,1.0000
16384,0,0.976929,0.1500,1.0000
16384,1,0.976685,0.1500,1.0000
16384,2,0.980713,0.1500,1.0000
16384,3,0.979614,0.1500,1.0000
16384,4,0.978516,0.1500,1.0000
16384,5,0.973999,0.1500,1.0000
16384,6,0.976929,0.1500,1.0000
16384,7,0.979614,0.1500,1.0000
16384,8,0.976562,0.1500,1.0000
16384,9,0.975830,0.1500,1.0000
16384,10,0.974731,0.1500,1.0000
16384,11,0.983154,0.1500,1.0000
16384,12,0.980469,0.1500,1.0000
16384,13,0.981079,0.1500,1.0000
16384,14,0.980347,0.1500,1.0000
16384,15,0.974976,0.1500,1.0000
16384,16,0.979858,0.1500,1.0000
16384,17,0.973877,0.1500,1.0000
16384,18,0.975220,0.1500,1.0000
16384,19,0.976929,0.1500,1.0000
16384,20,0.980347,0.1500,1.0000
16384,21,0.983276,0.1500,1.0000
16384,22,0.978394,0.1500,1.0000
16384,23,0.977051,0.1500,1.0000
16384,24,0.978516,0.1500,1.0000
16384,25,0.979614,0.1500,1.0000
16384,26,0.979736,0.1500,1.0000
16384,27,0.979492,0.1500,1.0000
16384,28,0.976196,0.1500,1.0000
16384,29,0.978638,0.1500,1.0000
16384,0,0.975342,0.1525,1.0000
16384,1,0.974976,0.1525,1.0000
16384,2,0.979004,0.1525,1.0000
16384,3,0.979248,0.1525,1.0000
16384,4,0.978271,0.1525,1.0000
16384,5,0.972290,0.1525,1.0000
16384,6,0.973389,0.1525,1.0000
16384,7,0.978027,0.1525,1.0000
16384,8,0.977417,0.1525,1.0000
16384,9,0.974731,0.1525,1.0000
16384,10,0.973633,0.1525,1.0000
16384,11,0.980957,0.1525,1.0000
16384,12,0.979858,0.1525,1.0000
16384,13,0.978638,0.1525,1.0000
16384,14,0.977539,0.1525,1.0000
16384,15,0.972412,0.1525,1.0000
16384,16,0.980713,0.1525,1.0000
16384,17,0.972168,0.1525,1.0000
16384,18,0.974854,0.1525,1.0000
16384,19,0.974243,0.1525,1.0000
16384,20,0.980957,0.1525,1.0000
16384,21,0.979980,0.1525,1.0000
16384,22,0.976440,0.1525,1.0000
16384,23,0.976440,0.1525,1.0000
16384,24,0.976074,0.1525,1.0000
16384,25,0.978027,0.1525,1.0000
16384,26,0.978027,0.1525,1.0000
16384,27,0.979248,0.1525,1.0000
16384,28,0.976807,0.1525,1.0000
16384,29,0.975952,0.1525,1.0000
16384,0,0.971924,0.1550,1.0000
16384,1,0.972778,0.1550,1.0000
16384,2,0.979614,0.1550,1.0000
16384,3,0.978271,0.1550,1.0000
16384,4,0.977051,0.1550,1.0000
16384,5,0.970947,0.1550,1.0000
16384,6,0.972900,0.1550,1.0000
16384,7,0.978760,0.1550,1.0000
16384,8,0.974609,0.1550,1.0000
16384,9,0.974243,0.1550,1.0000
16384,10,0.972534,0.1550,1.0000
16384,11,0.980103,0.1550,1.0000
16384,12,0.977905,0.1550,1.0000
16384,13,0.977905,0.1550,1.0000
16384,14,0.976685,0.1550,1.0000
16384,15,0.974243,0.1550,1.0000
16384,16,0.978271,0.1550,1.0000
16384,17,0.970215,0.1550,1.0000
16384,18,0.975220,0.1550,1.0000
16384,19,0.974487,0.1550,1.0000
16384,20,0.977783,0.1550,1.0000
16384,21,0.979736,0.1550,1.0000
16384,22,0.975586,0.1550,1.0000
16384,23,0.972168,0.1550,1.0000
16384,24,0.975098,0.1550,1.0000
16384,25,0.979248,0.1550,1.0000
16384,26,0.977661,0.1550,1.0000
16384,27,0.977173,0.1550,1.0000
16384,28,0.976562,0.1550,1.0000
16384,29,0.975098,0.1550,1.0000
16384,0,0.969482,0.1575,1.0000
16384,1,0.974731,0.1575,1.0000
16384,2,0.977295,0.1575,1.0000
16384,3,0.973999,0.1575,1.0000
16384,4,0.976440,0.1575,1.0000
16384,5,0.969116,0.1575,1.0000
16384,6,0.969238,0.1575,1.0000
16384,7,0.978271,0.1575,1.0000
16384,8,0.973145,0.1575,1.0000
16384,9,0.975220,0.1575,1.0000
16384,10,0.970581,0.1575,1.0000
16384,11,0.979492,0.1575,1.0000
16384,12,0.974976,0.1575,1.0000
16384,13,0.976685,0.1575,1.0000
16384,14,0.975098,0.1575,1.0000
16384,15,0.971069,0.1575,1.0000
16384,16,0.974365,0.1575,1.0000
16384,17,0.966431,0.1575,1.0000
16384,18,0.971558,0.1575,1.0000
16384,19,0.973145,0.1575,1.0000
16384,20,0.975464,0.1575,1.0000
16384,21,0.978149,0.1575,1.0000
16384,22,0.973877,0.1575,1.0000
16384,23,0.971802,0.1575,1.0000
16384,24,0.975220,0.1575,1.0000
16384,25,0.976685,0.1575,1.0000
16384,26,0.977417,0.1575,1.0000
16384,27,0.977173,0.1575,1.0000
16384,28,0.975708,0.1575,1.0000
16384,29,0.972656,0.1575,1.0000
16384,0,0.965332,0.1600,1.0000
16384,1,0.974976,0.1600,1.0000
16384,2,0.975098,0.1600,1.0000
16384,3,0.975708,0.1600,1.0000
16384,4,0.974121,0.1600,1.0000
16384,5,0.966797,0.1600,1.0000
16384,6,0.968994,0.1600,1.0000
16384,7,0.975708,0.1600,1.0000
16384,8,0.973999,0.1600,1.0000
16384,9,0.972168,0.1600,1.0000
16384,10,0.970459,0.1600,1.0000
16384,11,0.976074,0.1600,1.0000
16384,12,0.972412,0.1600,1.0000
16384,13,0.973877,0.1600,1.0000
16384,14,0.976196,0.1600,1.0000
16384,15,0.968262,0.1600,1.0000
16384,16,0.974365,0.1600,1.0000
16384,17,0.967407,0.1600,1.0000
16384,18,0.973267,0.1600,1.0000
16384,19,0.970459,0.1600,1.0000
16384,20,0.976562,0.1600,1.0000
16384,21,0.975586,0.1600,1.0000
16384,22,0.971191,0.1600,1.0000
16384,23,0.971191,0.1600,1.0000
16384,24,0.973145,0.1600,1.0000
16384,25,0.974243,0.1600,1.0000
16384,26,0.973633,0.1600,1.0000
16384,27,0.973145,0.1600,1.0000
16384,28,0.973511,0.1600,1.0000
16384,29,0.972534,0.1600,1.0000
16384,0,0.962646,0.1625,1.0000
16384,1,0.971313,0.1625,1.0000
16384,2,0.971680,0.1625,1.0000
16384,3,0.974121,0.1625,1.0000
16384,4,0.972046,0.1625,1.0000
16384,5,0.964355,0.1625,1.0000
16384,6,0.965454,0.1625,1.0000
16384,7,0.977905,0.1625,1.0000
16384,8,0.972900,0.1625,1.0000
16384,9,0.970215,0.1625,1.0000
16384,10,0.968506,0.1625,1.0000
16384,11,0.975952,0.1625,1.0000
16384,12,0.970825,0.1625,1.0000
16384,13,0.974609,0.1625,1.0000
16384,14,0.973877,0.1625,1.0000
16384,15,0.968750,0.1625,1.0000
16384,16,0.973755,0.1625,1.0000
16384,17,0.966309,0.1625,1.0000
16384,18,0.970093,0.1625,1.0000
16384,19,0.969360,0.1625,1.0000
16384,20,0.974854,0.1625,1.0000
16384,21,0.974731,0.1625,1.0000
16384,22,0.972412,0.1625,1.0000
16384,23,0.971436,0.1625,1.0000
16384,24,0.971680,0.1625,1.0000
16384,25,0.974854,0.1625,1.0000
16384,26,0.973633,0.1625,1.0000
16384,27,0.973022,0.1625,1.0000
16384,28,0.973877,0.1625,1.0000
16384,29,0.969604,0.1625,1.0000
16384,0,0.960205,0.1650,1.0000
16384,1,0.972412,0.1650,1.0000
16384,2,0.967407,0.1650,1.0000
16384,3,0.972656,0.1650,1.0000
16384,4,0.972046,0.1650,1.0000
16384,5,0.962891,0.1650,1.0000
16384,6,0.963135,0.1650,1.0000
16384,7,0.974243,0.1650,1.0000
16384,8,0.970825,0.1650,1.0000
16384,9,0.969849,0.1650,1.0000
16384,10,0.966919,0.1650,1.0000
16384,11,0.973389,0.1650,1.0000
16384,12,0.969360,0.1650,1.0000
16384,13,0.969604,0.1650,1.0000
16384,14,0.972778,0.1650,1.0000
16384,15,0.964844,0.1650,1.0000
16384,16,0.970459,0.1650,1.0000
16384,17,0.963867,0.1650,1.0000
16384,18,0.968506,0.1650,1.0000
16384,19,0.969849,0.1650,1.0000
16384,20,0.971680,0.1650,1.0000
16384,21,0.971558,0.1650,1.0000
16384,22,0.967529,0.1650,1.0000
16384,23,0.968384,0.1650,1.0000
16384,24,0.969116,0.1650,1.0000
16384,25,0.971802,0.1650,1.0000
16384,26,0.969971,0.1650,1.0000
16384,27,0.970459,0.1650,1.0000
16384,28,0.969971,0.1650,1.0000
16384,29,0.967407,0.1650,1.0000
16384,0,0.960327,0.1675,1.0000
16384,1,0.968018,0.1675,1.0000
16384,2,0.966431,0.1675,1.0000
16384,3,0.970215,0.1675,1.0000
16384,4,0.967651,0.1675,1.0000
16384,5,0.963623,0.1675,1.0000
16384,6,0.959839,0.1675,1.0000
16384,7,0.972900,0.1675,1.0000
16384,8,0.966309,0.1675,1.0000
16384,9,0.968506,0.1675,1.0000
16384,10,0.966064,0.1675,1.0000
16384,11,0.970459,0.1675,1.0000
16384,12,0.965576,0.1675,1.0000
16384,13,0.963135,0.1675,1.0000
16384,14,0.971313,0.1675,1.0000
16384,15,0.963013,0.1675,1.0000
16384,16,0.968628,0.1675,1.0000
16384,17,0.963623,0.1675,1.0000
16384,18,0.968384,0.1675,1.0000
16384,19,0.966309,0.1675,1.0000
16384,20,0.969727,0.1675,1.0000
16384,21,0.970581,0.1675,1.0000
16384,22,0.967651,0.1675,1.0000
16384,23,0.967773,0.1675,1.0000
16384,24,0.966431,0.1675,1.0000
16384,25,0.973145,0.1675,1.0000
16384,26,0.969604,0.1675,1.0000
16384,27,0.967773,0.1675,1.0000
16384,28,0.967529,0.1675,1.0000
16384,29,0.965088,0.1675,1.0000
16384,0,0.957642,0.1700,1.0000
16384,1,0.966919,0.1700,1.0000
16384,2,0.965210,0.1700,1.0000
16384,3,0.965820,0.1700,1.0000
16384,4,0.966675,0.1700,1.0000
16384,5,0.963135,0.1700,1.0000
16384,6,0.955444,0.1700,1.0000
16384,7,0.970947,0.1700,1.0000
16384,8,0.966797,0.1700,1.0000
16384,9,0.966431,0.1700,1.0000
16384,10,0.965210,0.1700,1.0000
16384,11,0.969849,0.1700,1.0000
16384,12,0.963013,0.1700,1.0000
16384,13,0.963257,0.1700,1.0000
16384,14,0.968628,0.1700,1.0000
16384,15,0.962646,0.1700,1.0000
16384,16,0.967041,0.1700,1.0000
16384,17,0.963501,0.1700,1.0000
16384,18,0.967163,0.1700,1.0000
16384,19,0.962402,0.1700,1.0000
16384,20,0.966064,0.1700,1.0000
16384,21,0.969727,0.1700,1.0000
16384,22,0.960938,0.1700,1.0000
16384,23,0.966431,0.1700,1.0000
16384,24,0.963501,0.1700,1.0000
16384,25,0.971436,0.1700,1.0000
16384,26,0.967773,0.1700,1.0000
16384,27,0.962524,0.1700,1.0000
16384,28,0.965942,0.1700,1.0000
16384,29,0.964600,0.1700,1.0000
16384,0,0.958618,0.1725,1.0000
16384,1,0.961182,0.1725,1.0000
16384,2,0.964233,0.1725,1.0000
16384,3,0.964478,0.1725,1.0000
16384,4,0.963257,0.1725,1.0000
16384,5,0.962524,0.1725,1.0000
16384,6,0.956665,0.1725,1.0000
16384,7,0.966797,0.1725,1.0000
16384,8,0.963989,0.1725,1.0000
16384,9,0.966797,0.1725,1.0000
16384,10,0.962036,0.1725,1.0000
16384,11,0.968384,0.1725,1.0000
16384,12,0.963257,0.1725,1.0000
16384,13,0.964111,0.1725,1.0000
16384,14,0.968384,0.1725,1.0000
16384,15,0.958984,0.1725,1.0000
16384,16,0.964966,0.1725,1.0000
16384,17,0.959839,0.1725,1.0000
16384,18,0.968506,0.1725,1.0000
16384,19,0.962158,0.1725,1.0000
16384,20,0.963501,0.1725,1.0000
16384,21,0.967041,0.1725,1.0000
16384,22,0.962280,0.1725,1.0000
16384,23,0.964355,0.1725,1.0000
16384,24,0.962280,0.1725,1.0000
16384,25,0.969482,0.1725,1.0000
16384,26,0.964966,0.1725,1.0000
16384,27,0.958740,0.1725,1.0000
16384,28,0.964478,0.1725,1.0000
16384,29,0.963623,0.1725,1.0000
16384,0,0.956177,0.1750,1.0000
16384,1,0.962402,0.1750,1.0000
16384,2,0.961060,0.1750,1.0000
16384,3,0.960693,0.1750,1.0000
16384,4,0.961792,0.1750,1.0000
16384,5,0.957275,0.1750,1.0000
16384,6,0.954346,0.1750,1.0000
16384,7,0.965698,0.1750,1.0000
16384,8,0.962158,0.1750,1.0000
16384,9,0.964600,0.1750,1.0000
16384,10,0.961182,0.1750,1.0000
16384,11,0.967041,0.1750,1.0000
16384,12,0.956665,0.1750,1.0000
16384,13,0.957764,0.1750,1.0000
16384,14,0.968384,0.1750,1.0000
16384,15,0.958618,0.1750,1.0000
16384,16,0.962769,0.1750,1.0000
16384,17,0.958740,0.1750,1.0000
16384,18,0.964111,0.1750,1.0000
16384,19,0.957520,0.1750,1.0000
16384,20,0.959961,0.1750,1.0000
16384,21,0.965454,0.1750,1.0000
16384,22,0.960693,0.1750,1.0000
16384,23,0.963623,0.1750,1.0000
16384,24,0.959839,0.1750,1.0000
16384,25,0.965576,0.1750,1.0000
16384,26,0.961914,0.1750,1.0000
16384,27,0.958252,0.1750,1.0000
16384,28,0.963379,0.1750,1.0000
16384,29,0.962158,0.1750,1.0000
16384,0,0.955322,0.1775,1.0000
16384,1,0.957764,0.1775,1.0000
16384,2,0.958862,0.1775,1.0000
16384,3,0.962158,0.1775,1.0000
16384,4,0.959106,0.1775,1.0000
16384,5,0.954712,0.1775,1.0000
16384,6,0.950562,0.1775,1.0000
16384,7,0.962158,0.1775,1.0000
16384,8,0.959961,0.1775,1.0000
16384,9,0.959717,0.1775,1.0000
16384,10,0.959473,0.1775,1.0000
16384,11,0.964722,0.1775,1.0000
16384,12,0.955933,0.1775,1.0000
16384,13,0.955322,0.1775,1.0000
16384,14,0.966797,0.1775,1.0000
16384,15,0.957764,0.1775,1.0000
16384,16,0.958984,0.1775,1.0000
16384,17,0.955933,0.1775,1.0000
16384,18,0.963623,0.1775,1.0000
16384,19,0.956665,0.1775,1.0000
16384,20,0.958008,0.1775,1.0000
16384,21,0.961914,0.1775,1.0000
16384,22,0.960938,0.1775,1.0000
16384,23,0.959351,0.1775,1.0000
16384,24,0.956909,0.1775,1.0000
16384,25,0.964600,0.1775,1.0000
16384,26,0.958862,0.1775,1.0000
16384,27,0.953491,0.1775,1.0000
16384,28,0.961914,0.1775,1.0000
16384,29,0.961548,0.1775,1.0000
16384,0,0.955933,0.1800,0.9667
16384,1,0.957520,0.1800,0.9667
16384,2,0.956543,0.1800,0.9667
16384,3,0.958740,0.1800,0.9667
16384,4,0.959351,0.1800,0.9667
16384,5,0.951050,0.1800,0.9667
16384,6,0.949219,0.1800,0.9667
16384,7,0.962036,0.1800,0.9667
16384,8,0.958130,0.1800,0.9667
16384,9,0.959839,0.1800,0.9667
16384,10,0.960815,0.1800,0.9667
16384,11,0.961182,0.1800,0.9667
16384,12,0.957275,0.1800,0.9667
16384,13,0.950806,0.1800,0.9667
16384,14,0.966064,0.1800,0.9667
16384,15,0.953613,0.1800,0.9667
16384,16,0.958252,0.1800,0.9667
16384,17,0.953857,0.1800,0.9667
16384,18,0.962158,0.1800,0.9667
16384,19,0.953735,0.1800,0.9667
16384,20,0.957520,0.1800,0.9667
16384,21,0.956665,0.1800,0.9667
16384,22,0.958740,0.1800,0.9667
16384,23,0.957520,0.1800,0.9667
16384,24,0.953247,0.1800,0.9667
16384,25,0.961304,0.1800,0.9667
16384,26,0.955200,0.1800,0.9667
16384,27,0.956665,0.1800,0.9667
16384,28,0.959717,0.1800,0.9667
16384,29,0.957275,0.1800,0.9667
16384,0,0.952881,0.1825,0.9000
16384,1,0.954346,0.1825,0.9000
16384,2,0.953247,0.1825,0.9000
16384,3,0.956299,0.1825,0.9000
16384,4,0.959717,0.1825,0.9000
16384,5,0.947388,0.1825,0.9000
16384,6,0.948486,0.1825,0.9000
16384,7,0.959106,0.1825,0.9000
16384,8,0.954346,0.1825,0.9000
16384,9,0.955811,0.1825,0.9000
16384,10,0.958740,0.1825,0.9000
16384,11,0.958130,0.1825,0.9000
16384,12,0.952393,0.1825,0.9000
16384,13,0.948120,0.1825,0.9000
16384,14,0.963745,0.1825,0.9000
16384,15,0.951172,0.1825,0.9000
16384,16,0.957397,0.1825,0.9000
16384,17,0.952148,0.1825,0.9000
16384,18,0.960205,0.1825,0.9000
16384,19,0.953979,0.1825,0.9000
16384,20,0.955322,0.1825,0.9000
16384,21,0.958984,0.1825,0.9000
16384,22,0.956909,0.1825,0.9000
16384,23,0.954712,0.1825,0.9000
16384,24,0.951538,0.1825,0.9000
16384,25,0.962280,0.1825,0.9000
16384,26,0.955322,0.1825,0.9000
16384,27,0.955200,0.1825,0.9000
16384,28,0.958252,0.1825,0.9000
16384,29,0.956421,0.1825,0.9000
16384,0,0.951660,0.1850,0.8333
16384,1,0.954956,0.1850,0.8333
16384,2,0.950317,0.1850,0.8333
16384,3,0.954590,0.1850,0.8333
16384,4,0.959473,0.1850,0.8333
16384,5,0.945068,0.1850,0.8333
16384,6,0.944336,0.1850,0.8333
16384,7,0.956055,0.1850,0.8333
16384,8,0.952026,0.1850,0.8333
16384,9,0.955078,0.1850,0.8333
16384,10,0.951904,0.1850,0.8333
16384,11,0.954956,0.1850,0.8333
16384,12,0.948608,0.1850,0.8333
16384,13,0.947388,0.1850,0.8333
16384,14,0.962280,0.1850,0.8333
16384,15,0.949829,0.1850,0.8333
16384,16,0.953491,0.1850,0.8333
16384,17,0.952393,0.1850,0.8333
16384,18,0.957031,0.1850,0.8333
16384,19,0.950317,0.1850,0.8333
16384,20,0.955811,0.1850,0.8333
16384,21,0.955322,0.1850,0.8333
16384,22,0.954224,0.1850,0.8333
16384,23,0.952393,0.1850,0.8333
16384,24,0.951294,0.1850,0.8333
16384,25,0.958008,0.1850,0.8333
16384,26,0.952148,0.1850,0.8333
16384,27,0.953735,0.1850,0.8333
16384,28,0.957764,0.1850,0.8333
16384,29,0.955566,0.1850,0.8333
16384,0,0.949463,0.1875,0.6333
16384,1,0.951904,0.1875,0.6333
16384,2,0.946289,0.1875,0.6333
16384,3,0.953735,0.1875,0.6333
16384,4,0.955811,0.1875,0.6333
16384,5,0.940674,0.1875,0.6333
16384,6,0.944092,0.1875,0.6333
16384,7,0.953979,0.1875,0.6333
16384,8,0.953003,0.1875,0.6333
16384,9,0.951294,0.1875,0.6333
16384,10,0.952026,0.1875,0.6333
16384,11,0.954956,0.1875,0.6333
16384,12,0.947998,0.1875,0.6333
16384,13,0.947388,0.1875,0.6333
16384,14,0.957764,0.1875,0.6333
16384,15,0.945923,0.1875,0.6333
16384,16,0.948730,0.1875,0.6333
16384,17,0.946777,0.1875,0.6333
16384,18,0.954712,0.1875,0.6333
16384,19,0.950684,0.1875,0.6333
16384,20,0.954468,0.1875,0.6333
16384,21,0.952515,0.1875,0.6333
16384,22,0.953369,0.1875,0.6333
16384,23,0.951660,0.1875,0.6333
16384,24,0.947998,0.1875,0.6333
16384,25,0.952148,0.1875,0.6333
16384,26,0.949219,0.1875,0.6333
16384,27,0.953003,0.1875,0.6333
16384,28,0.957275,0.1875,0.6333
16384,29,0.955444,0.1875,0.6333
16384,0,0.945435,0.1900,0.4000
16384,1,0.949097,0.1900,0.4000
16384,2,0.946533,0.1900,0.4000
16384,3,0.952515,0.1900,0.4000
16384,4,0.953247,0.1900,0.4000
16384,5,0.934937,0.1900,0.4000
16384,6,0.946411,0.1900,0.4000
16384,7,0.951538,0.1900,0.4000
16384,8,0.949097,0.1900,0.4000
16384,9,0.952148,0.1900,0.4000
16384,10,0.951294,0.1900,0.4000
16384,11,0.956543,0.1900,0.4000
16384,12,0.946533,0.1900,0.4000
16384,13,0.946045,0.1900,0.4000
16384,14,0.958496,0.1900,0.4000
16384,15,0.943115,0.1900,0.4000
16384,16,0.946899,0.1900,0.4000
16384,17,0.943604,0.1900,0.4000
16384,18,0.949585,0.1900,0.4000
16384,19,0.949463,0.1900,0.4000
16384,20,0.946655,0.1900,0.4000
16384,21,0.951294,0.1900,0.4000
16384,22,0.952148,0.1900,0.4000
16384,23,0.949219,0.1900,0.4000
16384,24,0.946899,0.1900,0.4000
16384,25,0.951416,0.1900,0.4000
16384,26,0.946655,0.1900,0.4000
16384,27,0.945679,0.1900,0.4000
16384,28,0.957275,0.1900,0.4000
16384,29,0.951538,0.1900,0.4000
65536,0,0.987549,0.1300,1.0000
65536,1,0.988586,0.1300,1.0000
65536,2,0.989227,0.1300,1.0000
65536,3,0.989044,0.1300,1.0000
65536,4,0.988586,0.1300,1.0000
65536,5,0.989288,0.1300,1.0000
65536,6,0.987366,0.1300,1.0000
65536,7,0.987030,0.1300,1.0000
65536,8,0.989899,0.1300,1.0000
65536,9,0.987946,0.1300,1.0000
65536,10,0.988586,0.1300,1.0000
65536,11,0.987122,0.1300,1.0000
65536,0,0.986298,0.1325,1.0000
65536,1,0.987274,0.1325,1.0000
65536,2,0.988068,0.1325,1.0000
65536,3,0.987732,0.1325,1.0000
65536,4,0.987457,0.1325,1.0000
65536,5,0.986938,0.1325,1.0000
65536,6,0.986755,0.1325,1.0000
65536,7,0.985046,0.1325,1.0000
65536,8,0.989471,0.1325,1.0000
65536,9,0.988007,0.1325,1.0000
65536,10,0.987701,0.1325,1.0000
65536,11,0.985992,0.1325,1.0000
65536,0,0.984802,0.1350,1.0000
65536,1,0.986206,0.1350,1.0000
65536,2,0.987518,0.1350,1.0000
65536,3,0.987000,0.1350,1.0000
65536,4,0.986511,0.1350,1.0000
65536,5,0.986450,0.1350,1.0000
65536,6,0.985626,0.1350,1.0000
65536,7,0.983734,0.1350,1.0000
65536,8,0.988556,0.1350,1.0000
65536,9,0.986420,0.1350,1.0000
65536,10,0.985931,0.1350,1.0000
65536,11,0.985016,0.1350,1.0000
65536,0,0.983887,0.1375,1.0000
65536,1,0.985229,0.1375,1.0000
65536,2,0.985870,0.1375,1.0000
65536,3,0.985718,0.1375,1.0000
65536,4,0.985504,0.1375,1.0000
65536,5,0.985260,0.1375,1.0000
65536,6,0.983887,0.1375,1.0000
65536,7,0.982483,0.1375,1.0000
65536,8,0.987946,0.1375,1.0000
65536,9,0.984894,0.1375,1.0000
65536,10,0.985291,0.1375,1.0000
65536,11,0.983307,0.1375,1.0000
65536,0,0.983459,0.1400,1.0000
65536,1,0.983368,0.1400,1.0000
65536,2,0.984985,0.1400,1.0000
65536,3,0.984497,0.1400,1.0000
65536,4,0.984680,0.1400,1.0000
65536,5,0.983704,0.1400,1.0000
65536,6,0.982849,0.1400,1.0000
65536,7,0.980713,0.1400,1.0000
65536,8,0.986877,0.1400,1.0000
65536,9,0.983704,0.1400,1.0000
65536,10,0.984192,0.1400,1.0000
65536,11,0.981476,0.1400,1.0000
65536,0,0.981476,0.1425,1.0000
65536,1,0.982666,0.1425,1.0000
65536,2,0.983124,0.1425,1.0000
65536,3,0.984650,0.1425,1.0000
65536,4,0.982574,0.1425,1.0000
65536,5,0.982117,0.1425,1.0000
65536,6,0.980377,0.1425,1.0000
65536,7,0.979736,0.1425,1.0000
65536,8,0.986176,0.1425,1.0000
65536,9,0.982697,0.1425,1.0000
65536,10,0.982574,0.1425,1.0000
65536,11,0.980621,0.1425,1.0000
65536,0,0.980042,0.1450,1.0000
65536,1,0.980804,0.1450,1.0000
65536,2,0.982086,0.1450,1.0000
65536,3,0.981659,0.1450,1.0000
65536,4,0.980713,0.1450,1.0000
65536,5,0.980713,0.1450,1.0000
65536,6,0.979218,0.1450,1.0000
65536,7,0.978271,0.1450,1.0000
65536,8,0.985413,0.1450,1.0000
65536,9,0.981110,0.1450,1.0000
65536,10,0.981506,0.1450,1.0000
65536,11,0.978302,0.1450,1.0000
65536,0,0.978516,0.1475,1.0000
65536,1,0.979767,0.1475,1.0000
65536,2,0.981018,0.1475,1.0000
65536,3,0.981140,0.1475,1.0000
65536,4,0.979492,0.1475,1.0000
65536,5,0.979156,0.1475,1.0000
65536,6,0.978516,0.1475,1.0000
65536,7,0.977142,0.1475,1.0000
65536,8,0.984253,0.1475,1.0000
65536,9,0.979492,0.1475,1.0000
65536,10,0.979095,0.1475,1.0000
65536,11,0.977509,0.1475,1.0000
65536,0,0.977142,0.1500,1.0000
65536,1,0.977325,0.1500,1.0000
65536,2,0.979370,0.1500,1.0000
65536,3,0.979340,0.1500,1.0000
65536,4,0.977478,0.1500,1.0000
65536,5,0.978210,0.1500,1.0000
65536,6,0.978607,0.1500,1.0000
65536,7,0.976044,0.1500,1.0000
65536,8,0.981964,0.1500,1.0000
65536,9,0.980377,0.1500,1.0000
65536,10,0.979004,0.1500,1.0000
65536,11,0.976624,0.1500,1.0000
65536,0,0.975525,0.1525,1.0000
65536,1,0.976257,0.1525,1.0000
65536,2,0.977692,0.1525,1.0000
65536,3,0.977570,0.1525,1.0000
65536,4,0.973938,0.1525,1.0000
65536,5,0.976593,0.1525,1.0000
65536,6,0.976318,0.1525,1.0000
65536,7,0.974487,0.1525,1.0000
65536,8,0.979736,0.1525,1.0000
65536,9,0.978271,0.1525,1.0000
65536,10,0.976959,0.1525,1.0000
65536,11,0.974091,0.1525,1.0000
65536,0,0.973846,0.1550,1.0000
65536,1,0.975372,0.1550,1.0000
65536,2,0.976654,0.1550,1.0000
65536,3,0.975708,0.1550,1.0000
65536,4,0.973358,0.1550,1.0000
65536,5,0.974701,0.1550,1.0000
65536,6,0.974609,0.1550,1.0000
65536,7,0.973694,0.1550,1.0000
65536,8,0.979279,0.1550,1.0000
65536,9,0.976776,0.1550,1.0000
65536,10,0.976288,0.1550,1.0000
65536,11,0.971283,0.1550,1.0000
65536,0,0.973175,0.1575,1.0000
65536,1,0.974274,0.1575,1.0000
65536,2,0.974304,0.1575,1.0000
65536,3,0.973480,0.1575,1.0000
65536,4,0.971405,0.1575,1.0000
65536,5,0.973267,0.1575,1.0000
65536,6,0.973907,0.1575,1.0000
65536,7,0.971527,0.1575,1.0000
65536,8,0.977966,0.1575,1.0000
65536,9,0.975555,0.1575,1.0000
65536,10,0.973663,0.1575,1.0000
65536,11,0.970367,0.1575,1.0000
65536,0,0.970703,0.1600,1.0000
65536,1,0.972717,0.1600,1.0000
65536,2,0.971893,0.1600,1.0000
65536,3,0.973541,0.1600,1.0000
65536,4,0.968933,0.1600,1.0000
65536,5,0.971375,0.1600,1.0000
65536,6,0.970795,0.1600,1.0000
65536,7,0.970490,0.1600,1.0000
65536,8,0.976440,0.1600,1.0000
65536,9,0.973114,0.1600,1.0000
65536,10,0.972076,0.1600,1.0000
65536,11,0.968719,0.1600,1.0000
65536,0,0.970367,0.1625,1.0000
65536,1,0.971100,0.1625,1.0000
65536,2,0.970581,0.1625,1.0000
65536,3,0.971405,0.1625,1.0000
65536,4,0.968781,0.1625,1.0000
65536,5,0.969391,0.1625,1.0000
65536,6,0.969574,0.1625,1.0000
65536,7,0.968842,0.1625,1.0000
65536,8,0.973694,0.1625,1.0000
65536,9,0.971252,0.1625,1.0000
65536,10,0.969360,0.1625,1.0000
65536,11,0.967285,0.1625,1.0000
65536,0,0.969147,0.1650,1.0000
65536,1,0.968842,0.1650,1.0000
65536,2,0.969635,0.1650,1.0000
65536,3,0.968628,0.1650,1.0000
65536,4,0.966705,0.1650,1.0000
65536,5,0.967194,0.1650,1.0000
65536,6,0.968048,0.1650,1.0000
65536,7,0.965973,0.1650,1.0000
65536,8,0.972351,0.1650,1.0000
65536,9,0.969482,0.1650,1.0000
65536,10,0.967865,0.1650,1.0000
65536,11,0.965485,0.1650,1.0000
65536,0,0.968323,0.1675,1.0000
65536,1,0.967896,0.1675,1.0000
65536,2,0.968567,0.1675,1.0000
65536,3,0.968658,0.1675,1.0000
65536,4,0.964630,0.1675,1.0000
65536,5,0.965179,0.1675,1.0000
65536,6,0.966888,0.1675,1.0000
65536,7,0.965820,0.1675,1.0000
65536,8,0.970917,0.1675,1.0000
65536,9,0.967651,0.1675,1.0000
65536,10,0.967987,0.1675,1.0000
65536,11,0.963043,0.1675,1.0000
65536,0,0.966125,0.1700,1.0000
65536,1,0.965149,0.1700,1.0000
65536,2,0.965851,0.1700,1.0000
65536,3,0.966492,0.1700,1.0000
65536,4,0.961731,0.1700,1.0000
65536,5,0.963715,0.1700,1.0000
65536,6,0.962708,0.1700,1.0000
65536,7,0.961609,0.1700,1.0000
65536,8,0.968842,0.1700,1.0000
65536,9,0.965973,0.1700,1.0000
65536,10,0.964722,0.1700,1.0000
65536,11,0.962128,0.1700,1.0000
65536,0,0.964264,0.1725,1.0000
65536,1,0.964264,0.1725,1.0000
65536,2,0.964691,0.1725,1.0000
65536,3,0.964294,0.1725,1.0000
65536,4,0.960510,0.1725,1.0000
65536,5,0.963226,0.1725,1.0000
65536,6,0.961182,0.1725,1.0000
65536,7,0.962097,0.1725,1.0000
65536,8,0.967529,0.1725,1.0000
65536,9,0.963348,0.1725,1.0000
65536,10,0.962402,0.1725,1.0000
65536,11,0.959625,0.1725,1.0000
65536,0,0.961761,0.1750,1.0000
65536,1,0.961517,0.1750,1.0000
65536,2,0.961426,0.1750,1.0000
65536,3,0.964539,0.1750,1.0000
65536,4,0.958099,0.1750,1.0000
65536,5,0.961121,0.1750,1.0000
65536,6,0.959229,0.1750,1.0000
65536,7,0.960419,0.1750,1.0000
65536,8,0.964081,0.1750,1.0000
65536,9,0.961609,0.1750,1.0000
65536,10,0.961578,0.1750,1.0000
65536,11,0.957489,0.1750,1.0000
65536,0,0.959503,0.1775,1.0000
65536,1,0.960358,0.1775,1.0000
65536,2,0.960205,0.1775,1.0000
65536,3,0.961243,0.1775,1.0000
65536,4,0.956360,0.1775,1.0000
65536,5,0.958313,0.1775,1.0000
65536,6,0.956482,0.1775,1.0000
65536,7,0.957642,0.1775,1.0000
65536,8,0.962463,0.1775,1.0000
65536,9,0.959412,0.1775,1.0000
65536,10,0.959259,0.1775,1.0000
65536,11,0.955505,0.1775,1.0000
65536,0,0.958160,0.1800,1.0000
65536,1,0.957397,0.1800,1.0000
65536,2,0.957214,0.1800,1.0000
65536,3,0.959167,0.1800,1.0000
65536,4,0.953918,0.1800,1.0000
65536,5,0.955933,0.1800,1.0000
65536,6,0.954529,0.1800,1.0000
65536,7,0.954254,0.1800,1.0000
65536,8,0.961456,0.1800,1.0000
65536,9,0.957764,0.1800,1.0000
65536,10,0.957123,0.1800,1.0000
65536,11,0.952911,0.1800,1.0000
65536,0,0.955719,0.1825,0.9167
65536,1,0.955902,0.1825,0.9167
65536,2,0.954285,0.1825,0.9167
65536,3,0.957947,0.1825,0.9167
65536,4,0.951416,0.1825,0.9167
65536,5,0.954529,0.1825,0.9167
65536,6,0.952881,0.1825,0.9167
65536,7,0.951660,0.1825,0.9167
65536,8,0.959320,0.1825,0.9167
65536,9,0.954773,0.1825,0.9167
65536,10,0.955353,0.1825,0.9167
65536,11,0.948883,0.1825,0.9167
65536,0,0.953491,0.1850,0.7500
65536,1,0.953644,0.1850,0.7500
65536,2,0.953033,0.1850,0.7500
65536,3,0.956543,0.1850,0.7500
65536,4,0.950104,0.1850,0.7500
65536,5,0.951904,0.1850,0.7500
65536,6,0.949280,0.1850,0.7500
65536,7,0.949158,0.1850,0.7500
65536,8,0.956360,0.1850,0.7500
65536,9,0.954468,0.1850,0.7500
65536,10,0.954193,0.1850,0.7500
65536,11,0.946930,0.1850,0.7500
65536,0,0.951233,0.1875,0.5833
65536,1,0.951355,0.1875,0.5833
65536,2,0.952606,0.1875,0.5833
65536,3,0.954773,0.1875,0.5833
65536,4,0.947632,0.1875,0.5833
65536,5,0.949219,0.1875,0.5833
65536,6,0.947052,0.1875,0.5833
65536,7,0.946472,0.1875,0.5833
65536,8,0.952271,0.1875,0.5833
65536,9,0.953461,0.1875,0.5833
65536,10,0.950226,0.1875,0.5833
65536,11,0.947784,0.1875,0.5833
65536,0,0.949188,0.1900,0.1667
65536,1,0.948853,0.1900,0.1667
65536,2,0.948914,0.1900,0.1667
65536,3,0.950775,0.1900,0.1667
65536,4,0.946625,0.1900,0.1667
65536,5,0.946533,0.1900,0.1667
65536,6,0.945923,0.1900,0.1667
65536,7,0.945435,0.1900,0.1667
65536,8,0.949249,0.1900,0.1667
65536,9,0.951355,0.1900,0.1667
65536,10,0.947601,0.1900,0.1667
65536,11,0.943542,0.1900,0.1667
